201,Sharp+1,1.04,1.1,1.1,1.1,1.1,1,1,0.97,1.75,1.05,1.05,1,1,1,1,1,1,1,1,1.01,0,0,0,0,0,0,1,System.Byte[],1.1,1,1,1,1.5,1,System.Byte[]
0,Standard,1,1,1,1,1,1,1,1,1,1,1,1,1,1,1,1,1,1,1,1,0,0,0,0,0,0,0,System.Byte[],1,1,1,1,1,1,System.Byte[]
1,Standard+1,1.1,1.1,1.1,1.1,1.1,1,1,1.05,1.05,1.05,1.05,1,1,1,1,1,1,1,1,1.02,0,0,0,0,0,0,1,System.Byte[],1.1,1,1.05,1,1,1,System.Byte[]
2,Standard+2,1.2,1.2,1.2,1.2,1.2,1,1,1.1,1.1,1.1,1.1,1,1,1,1,1,1,1,1,1.04,0,0,0,0,0,0,2,System.Byte[],1.2,1,1.1,1,1.2,1,System.Byte[]
3,Standard+3,1.3,1.3,1.3,1.3,1.3,1,1,1.15,1.15,1.15,1.15,1,1,1,1,1,1,1,1,1.06,0,0,0,0,0,0,3,System.Byte[],1.3,1,1.15,1,1.4,1,System.Byte[]
4,Standard+4,1.4,1.4,1.4,1.4,1.4,1,1,1.2,1.2,1.2,1.2,1,1,1,1,1,1,1,1,1.08,0,0,0,0,0,0,4,System.Byte[],1.4,1,1.2,1,1.6,1,System.Byte[]
5,Standard+5,1.5,1.5,1.5,1.5,1.5,1,1,1.23,1.23,1.23,1.23,1,1,1,1,1,1,1,1,1.1,0,0,0,0,0,0,5,System.Byte[],1.5,1,1.23,1,1.8,1,System.Byte[]
6,Standard+6,1.6,1.6,1.6,1.6,1.6,1,1,1.26,1.26,1.26,1.26,1,1,1,1,1,1,1,1,1.12,0,0,0,0,0,0,6,System.Byte[],1.6,1,1.26,1,2,1,System.Byte[]
7,Standard+7,1.7,1.7,1.7,1.7,1.7,1,1,1.29,1.29,1.29,1.29,1,1,1,1,1,1,1,1,1.14,0,0,0,0,0,0,7,System.Byte[],1.7,1,1.29,1,2.2,1,System.Byte[]
8,Standard+8,1.8,1.8,1.8,1.8,1.8,1,1,1.32,1.32,1.32,1.32,1,1,1,1,1,1,1,1,1.16,0,0,0,0,0,0,8,System.Byte[],1.8,1,1.32,1,2.4,1,System.Byte[]
9,Standard+9,1.9,1.9,1.9,1.9,1.9,1,1,1.35,1.35,1.35,1.35,1,1,1,1,1,1,1,1,1.18,0,0,0,0,0,0,9,System.Byte[],1.9,1,1.35,1,2.6,1,System.Byte[]
10,Standard+10,2,2,2,2,2,1,1,1.4,1.4,1.4,1.4,1,1,1,1,1,1,1,1,1.2,0,0,0,0,0,0,10,System.Byte[],2,1,1.4,1,3,1,System.Byte[]
100,Heavy,0.98,1,1,1,1,1,1,1.6,0,1,1,1,1,1,1,1,1,1,1,1,0,0,0,0,0,0,0,System.Byte[],1,1,1,1,1.5,1,System.Byte[]
101,Heavy+1,1.067,1.1,1.1,1.1,1.1,1,1,1.71,0,1.05,1.05,1,1,1,1,1,1,1,1,1.01,0,0,0,0,0,0,1,System.Byte[],1.1,1,1,1,1.5,1,System.Byte[]
102,Heavy+2,1.154,1.2,1.2,1.2,1.2,1,1,1.82,0,1.1,1.1,1,1,1,1,1,1,1,1,1.02,0,0,0,0,0,0,2,System.Byte[],1.2,1,1,1,1.75,1,System.Byte[]
103,Heavy+3,1.241,1.3,1.3,1.3,1.3,1,1,1.93,0,1.15,1.15,1,1,1,1,1,1,1,1,1.03,0,0,0,0,0,0,3,System.Byte[],1.3,1,1,1,2,1,System.Byte[]
104,Heavy+4,1.328,1.4,1.4,1.4,1.4,1,1,2.04,0,1.2,1.2,1,1,1,1,1,1,1,1,1.04,0,0,0,0,0,0,4,System.Byte[],1.4,1,1,1,2.25,1,System.Byte[]
105,Heavy+5,1.415,1.5,1.5,1.5,1.5,1,1,2.13,0,1.23,1.23,1,1,1,1,1,1,1,1,1.05,0,0,0,0,0,0,5,System.Byte[],1.5,1,1,1,2.5,1,System.Byte[]
106,Heavy+6,1.502,1.6,1.6,1.6,1.6,1,1,2.22,0,1.26,1.26,1,1,1,1,1,1,1,1,1.06,0,0,0,0,0,0,6,System.Byte[],1.6,1,1,1,2.75,1,System.Byte[]
107,Heavy+7,1.589,1.7,1.7,1.7,1.7,1,1,2.31,0,1.29,1.29,1,1,1,1,1,1,1,1,1.07,0,0,0,0,0,0,7,System.Byte[],1.7,1,1,1,3,1,System.Byte[]
108,Heavy+8,1.676,1.8,1.8,1.8,1.8,1,1,2.4,0,1.32,1.32,1,1,1,1,1,1,1,1,1.08,0,0,0,0,0,0,8,System.Byte[],1.8,1,1,1,3.25,1,System.Byte[]
109,Heavy+9,1.763,1.9,1.9,1.9,1.9,1,1,2.49,0,1.35,1.35,1,1,1,1,1,1,1,1,1.09,0,0,0,0,0,0,9,System.Byte[],1.9,1,1,1,3.5,1,System.Byte[]
110,Heavy+10,1.85,2,2,2,2,1,1,2.6,0,1.4,1.4,1,1,1,1,1,1,1,1,1.1,0,0,0,0,0,0,10,System.Byte[],2,1,1,1,4,1,System.Byte[]
200,Sharp,0.95,1,1,1,1,1,1,0.95,1.6,1,1,1,1,1,1,1,1,1,1,1,0,0,0,0,0,0,0,System.Byte[],1,1,1,1,1.5,1,System.Byte[]
202,Sharp+2,1.13,1.2,1.2,1.2,1.2,1,1,0.99,1.9,1.1,1.1,1,1,1,1,1,1,1,1,1.02,0,0,0,0,0,0,2,System.Byte[],1.2,1,1,1,1.75,1,System.Byte[]
203,Sharp+3,1.22,1.3,1.3,1.3,1.3,1,1,1.01,2.05,1.15,1.15,1,1,1,1,1,1,1,1,1.03,0,0,0,0,0,0,3,System.Byte[],1.3,1,1,1,2,1,System.Byte[]
204,Sharp+4,1.31,1.4,1.4,1.4,1.4,1,1,1.02,2.18,1.19,1.19,1,1,1,1,1,1,1,1,1.04,0,0,0,0,0,0,4,System.Byte[],1.4,1,1,1,2.25,1,System.Byte[]
205,Sharp+5,1.4,1.5,1.5,1.5,1.5,1,1,1.03,2.29,1.23,1.23,1,1,1,1,1,1,1,1,1.05,0,0,0,0,0,0,5,System.Byte[],1.5,1,1,1,2.5,1,System.Byte[]
206,Sharp+6,1.49,1.6,1.6,1.6,1.6,1,1,1.04,2.4,1.27,1.27,1,1,1,1,1,1,1,1,1.06,0,0,0,0,0,0,6,System.Byte[],1.6,1,1,1,2.75,1,System.Byte[]
207,Sharp+7,1.58,1.7,1.7,1.7,1.7,1,1,1.05,2.51,1.31,1.31,1,1,1,1,1,1,1,1,1.07,0,0,0,0,0,0,7,System.Byte[],1.7,1,1,1,3,1,System.Byte[]
208,Sharp+8,1.67,1.8,1.8,1.8,1.8,1,1,1.06,2.62,1.35,1.35,1,1,1,1,1,1,1,1,1.08,0,0,0,0,0,0,8,System.Byte[],1.8,1,1,1,3.25,1,System.Byte[]
209,Sharp+9,1.76,1.9,1.9,1.9,1.9,1,1,1.07,2.73,1.39,1.39,1,1,1,1,1,1,1,1,1.09,0,0,0,0,0,0,9,System.Byte[],1.9,1,1,1,3.5,1,System.Byte[]
210,Sharp+10,1.85,2,2,2,2,1,1,1.1,2.86,1.4,1.4,1,1,1,1,1,1,1,1,1.1,0,0,0,0,0,0,10,System.Byte[],2,1,1,1,4,1,System.Byte[]
300,Refined,0.9,1,1,1,1,1,1,1.25,1.25,1,1,1,1,1,1,1,1,1,1,1,0,0,0,0,0,0,0,System.Byte[],1,1,1,1,1.5,1,System.Byte[]
301,Refined+1,0.99,1.1,1.1,1.1,1.1,1,1,1.31,1.31,1.07,1.07,1,1,1,1,1,1,1,1,1.01,0,0,0,0,0,0,1,System.Byte[],1.1,1,1,1,1.5,1,System.Byte[]
302,Refined+2,1.08,1.2,1.2,1.2,1.2,1,1,1.37,1.37,1.14,1.14,1,1,1,1,1,1,1,1,1.02,0,0,0,0,0,0,2,System.Byte[],1.2,1,1,1,1.75,1,System.Byte[]
303,Refined+3,1.17,1.3,1.3,1.3,1.3,1,1,1.43,1.43,1.21,1.21,1,1,1,1,1,1,1,1,1.03,0,0,0,0,0,0,3,System.Byte[],1.3,1,1,1,2,1,System.Byte[]
304,Refined+4,1.26,1.4,1.4,1.4,1.4,1,1,1.5,1.5,1.29,1.29,1,1,1,1,1,1,1,1,1.04,0,0,0,0,0,0,4,System.Byte[],1.4,1,1,1,2.25,1,System.Byte[]
305,Refined+5,1.35,1.5,1.5,1.5,1.5,1,1,1.52,1.52,1.31,1.31,1,1,1,1,1,1,1,1,1.05,0,0,0,0,0,0,5,System.Byte[],1.5,1,1,1,2.5,1,System.Byte[]
306,Refined+6,1.44,1.6,1.6,1.6,1.6,1,1,1.54,1.54,1.33,1.33,1,1,1,1,1,1,1,1,1.06,0,0,0,0,0,0,6,System.Byte[],1.6,1,1,1,2.75,1,System.Byte[]
307,Refined+7,1.53,1.7,1.7,1.7,1.7,1,1,1.56,1.56,1.35,1.35,1,1,1,1,1,1,1,1,1.07,0,0,0,0,0,0,7,System.Byte[],1.7,1,1,1,3,1,System.Byte[]
308,Refined+8,1.62,1.8,1.8,1.8,1.8,1,1,1.58,1.58,1.37,1.37,1,1,1,1,1,1,1,1,1.08,0,0,0,0,0,0,8,System.Byte[],1.8,1,1,1,3.25,1,System.Byte[]
309,Refined+9,1.71,1.9,1.9,1.9,1.9,1,1,1.6,1.6,1.39,1.39,1,1,1,1,1,1,1,1,1.09,0,0,0,0,0,0,9,System.Byte[],1.9,1,1,1,3.5,1,System.Byte[]
310,Refined+10,1.8,2,2,2,2,1,1,1.6,1.6,1.4,1.4,1,1,1,1,1,1,1,1,1.1,0,0,0,0,0,0,10,System.Byte[],2,1,1,1,4,1,System.Byte[]
400,Magic A -- 魔法A,0.75,0.75,1,1,1,1,1,0.5,0.5,0.9,0.9,0.95,1,0.95,0.95,0.95,0.95,0.95,0.95,1,0,0,0,0,0,0,0,System.Byte[],1,0.95,1,0.95,1.5,1,System.Byte[]
401,Magic A + 1 -- 魔法A＋1,0.805,0.805,1,1,1.1,1,1,0.58,0.58,1,1,0.95,1.01,0.95,0.95,0.95,0.95,0.95,0.95,1,0,0,0,0,0,0,1,System.Byte[],1,0.95,1,0.95,1.5,1,System.Byte[]
402,Magic A + 2 -- 魔法A＋2,0.86,0.86,1,1,1.2,1,1,0.66,0.66,1.1,1.1,0.95,1.02,0.95,0.95,0.95,0.95,0.95,0.95,1,0,0,0,0,0,0,2,System.Byte[],1,0.95,1,0.95,1.75,1,System.Byte[]
403,Magic A + 3 -- 魔法A＋3,0.915,0.915,1,1,1.3,1,1,0.74,0.74,1.2,1.2,0.95,1.03,0.95,0.95,0.95,0.95,0.95,0.95,1,0,0,0,0,0,0,3,System.Byte[],1,0.95,1,0.95,2,1,System.Byte[]
404,Magic A + 4 -- 魔法A＋4,0.97,0.97,1,1,1.4,1,1,0.8,0.8,1.28,1.28,0.95,1.04,0.95,0.95,0.95,0.95,0.95,0.95,1,0,0,0,0,0,0,4,System.Byte[],1,0.95,1,0.95,2.25,1,System.Byte[]
405,Magic A + 5 -- 魔法A＋5,1.025,1.025,1,1,1.5,1,1,0.85,0.85,1.34,1.34,0.95,1.05,0.95,0.95,0.95,0.95,0.95,0.95,1,0,0,0,0,0,0,5,System.Byte[],1,0.95,1,0.95,2.5,1,System.Byte[]
406,Magic A + 6 -- 魔法A＋6,1.08,1.08,1,1,1.6,1,1,0.9,0.9,1.4,1.4,0.95,1.06,0.95,0.95,0.95,0.95,0.95,0.95,1,0,0,0,0,0,0,6,System.Byte[],1,0.95,1,0.95,2.75,1,System.Byte[]
407,Magic A + 7 -- 魔法A＋7,1.135,1.135,1,1,1.7,1,1,0.95,0.95,1.46,1.46,0.95,1.07,0.95,0.95,0.95,0.95,0.95,0.95,1,0,0,0,0,0,0,7,System.Byte[],1,0.95,1,0.95,3,1,System.Byte[]
408,Magic A + 8 -- 魔法A＋8,1.19,1.19,1,1,1.8,1,1,1,1,1.52,1.52,0.95,1.08,0.95,0.95,0.95,0.95,0.95,0.95,1,0,0,0,0,0,0,8,System.Byte[],1,0.95,1,0.95,3.25,1,System.Byte[]
409,Magic A + 9 -- 魔法A＋9,1.245,1.245,1,1,1.9,1,1,1.05,1.05,1.58,1.58,0.95,1.09,0.95,0.95,0.95,0.95,0.95,0.95,1,0,0,0,0,0,0,9,System.Byte[],1,0.95,1,0.95,3.5,1,System.Byte[]
410,Magic A + 10 -- 魔法A＋10,1.3,1.3,1,1,2,1,1,1.1,1.1,1.65,1.65,0.95,1.1,0.95,0.95,0.95,0.95,0.95,0.95,1,0,0,0,0,0,0,10,System.Byte[],1,0.95,1,0.95,4,1,System.Byte[]
500,Magic B -- 魔法B,0.75,0.75,1,1,1,1,1,0.7,0.7,0.5,0.5,0.95,1,0.95,0.95,0.95,0.95,0.95,0.95,1,0,0,0,0,0,0,0,System.Byte[],1,0.95,1,0.95,1.5,1,System.Byte[]
501,Magic B + 1 -- 魔法B＋1,0.785,0.79,1,1,1.1,1,1,0.79,0.79,0.66,0.66,0.95,1.01,0.95,0.95,0.95,0.95,0.95,0.95,1,0,0,0,1,0,0,1,System.Byte[],1,0.95,1,0.95,1.5,1,System.Byte[]
502,Magic B + 2 -- 魔法B＋2,0.82,0.83,1,1,1.2,1,1,0.88,0.88,0.82,0.82,0.95,1.02,0.95,0.95,0.95,0.95,0.95,0.95,1,0,0,0,2,0,0,2,System.Byte[],1,0.95,1,0.95,1.75,1,System.Byte[]
503,Magic B + 3 -- 魔法B＋3,0.855,0.87,1,1,1.3,1,1,0.97,0.97,0.98,0.98,0.95,1.03,0.95,0.95,0.95,0.95,0.95,0.95,1,0,0,0,3,0,0,3,System.Byte[],1,0.95,1,0.95,2,1,System.Byte[]
504,Magic B + 4 -- 魔法B＋4,0.89,0.91,1,1,1.4,1,1,1.05,1.05,1.15,1.15,0.95,1.04,0.95,0.95,0.95,0.95,0.95,0.95,1,0,0,0,4,0,0,4,System.Byte[],1,0.95,1,0.95,2.25,1,System.Byte[]
505,Magic B + 5 -- 魔法B＋5,0.925,0.95,1,1,1.5,1,1,1.11,1.11,1.26,1.26,0.95,1.05,0.95,0.95,0.95,0.95,0.95,0.95,1,0,0,0,5,0,0,5,System.Byte[],1,0.95,1,0.95,2.5,1,System.Byte[]
506,Magic B + 1 -- 魔法B＋1,0.96,0.99,1,1,1.6,1,1,1.17,1.17,1.37,1.37,0.95,1.06,0.95,0.95,0.95,0.95,0.95,0.95,1,0,0,0,6,0,0,6,System.Byte[],1,0.95,1,0.95,2.75,1,System.Byte[]
507,Magic B + 2 -- 魔法B＋2,0.995,1.03,1,1,1.7,1,1,1.23,1.23,1.48,1.48,0.95,1.07,0.95,0.95,0.95,0.95,0.95,0.95,1,0,0,0,7,0,0,7,System.Byte[],1,0.95,1,0.95,3,1,System.Byte[]
508,Magic B + 3 -- 魔法B＋3,1.03,1.07,1,1,1.8,1,1,1.29,1.29,1.59,1.59,0.95,1.08,0.95,0.95,0.95,0.95,0.95,0.95,1,0,0,0,8,0,0,8,System.Byte[],1,0.95,1,0.95,3.25,1,System.Byte[]
509,Magic B + 4 -- 魔法B＋4,1.065,1.11,1,1,1.9,1,1,1.35,1.35,1.7,1.7,0.95,1.09,0.95,0.95,0.95,0.95,0.95,0.95,1,0,0,0,9,0,0,9,System.Byte[],1,0.95,1,0.95,3.5,1,System.Byte[]
510,Magic B + 5 -- 魔法B＋5,1.1,1.15,1,1,2,1,1,1.4,1.4,1.8,1.8,0.95,1.1,0.95,0.95,0.95,0.95,0.95,0.95,1,0,0,0,10,0,0,10,System.Byte[],1,0.95,1,0.95,4,1,System.Byte[]
600,Flame -- 炎,0.85,1,0.85,1,1,1,1,0,0,0,0,0.95,0.95,1.1,0.95,0.95,0.95,0.95,0.95,1,0,0,0,0,0,0,0,System.Byte[],1,0.95,0,0.95,1.5,1,System.Byte[]
601,Flame + 1 -- 炎＋1,0.94,1,0.94,1,1.1,1,1,0,0,0,0,0.95,0.95,1.11,0.95,0.95,0.95,0.95,0.95,1,0,0,0,0,0,0,1,System.Byte[],1,0.95,0,0.95,1.5,1,System.Byte[]
602,Flame + 2 -- 炎＋2,1.03,1,1.03,1,1.2,1,1,0,0,0,0,0.95,0.95,1.12,0.95,0.95,0.95,0.95,0.95,1,0,0,0,0,0,0,2,System.Byte[],1,0.95,0,0.95,1.75,1,System.Byte[]
603,Flame + 3 -- 炎＋3,1.12,1,1.12,1,1.3,1,1,0,0,0,0,0.95,0.95,1.13,0.95,0.95,0.95,0.95,0.95,1,0,0,0,0,0,0,3,System.Byte[],1,0.95,0,0.95,2,1,System.Byte[]
604,Flame + 4 -- 炎＋4,1.19,1,1.19,1,1.4,1,1,0,0,0,0,0.95,0.95,1.14,0.95,0.95,0.95,0.95,0.95,1,0,0,0,0,0,0,4,System.Byte[],1,0.95,0,0.95,2.25,1,System.Byte[]
605,Flame + 5 -- 炎＋5,1.3,1,1.3,1,1.5,1,1,0,0,0,0,0.95,0.95,1.15,0.95,0.95,0.95,0.95,0.95,1,0,0,0,0,0,0,5,System.Byte[],1,0.95,0,0.95,2.5,1,System.Byte[]
606,Flame + 6 -- 炎＋6,1.41,1,1.41,1,1.6,1,1,0,0,0,0,0.95,0.95,1.16,0.95,0.95,0.95,0.95,0.95,1,0,0,0,0,0,0,6,System.Byte[],1,0.95,0,0.95,2.75,1,System.Byte[]
607,Flame + 7 -- 炎＋7,1.52,1,1.52,1,1.7,1,1,0,0,0,0,0.95,0.95,1.17,0.95,0.95,0.95,0.95,0.95,1,0,0,0,0,0,0,7,System.Byte[],1,0.95,0,0.95,3,1,System.Byte[]
608,Flame + 8 -- 炎＋8,1.63,1,1.63,1,1.8,1,1,0,0,0,0,0.95,0.95,1.18,0.95,0.95,0.95,0.95,0.95,1,0,0,0,0,0,0,8,System.Byte[],1,0.95,0,0.95,3.25,1,System.Byte[]
609,Flame + 9 -- 炎＋9,1.74,1,1.74,1,1.9,1,1,0,0,0,0,0.95,0.95,1.19,0.95,0.95,0.95,0.95,0.95,1,0,0,0,0,0,0,9,System.Byte[],1,0.95,0,0.95,3.5,1,System.Byte[]
610,Flame + 10 -- 炎＋10,1.85,1,1.85,1,2,1,1,0,0,0,0,0.95,0.95,1.2,0.95,0.95,0.95,0.95,0.95,1,0,0,0,0,0,0,10,System.Byte[],1,0.95,0,0.95,4,1,System.Byte[]
700,Flames of Chaos -- 混沌の炎,0.8,1,0.8,1,1,1,1,0.3,0.3,0.54,0.54,0.95,0.95,1,0.95,0.95,0.95,0.95,0.95,1,0,0,0,0,0,0,0,System.Byte[],1,0.95,1,0.95,1.5,1,System.Byte[]
701,Flames of Chaos + 1 -- 混沌の炎＋1,0.83,1,0.835,1,1.1,1,1,0.43,0.43,0.68,0.68,0.95,0.95,1.01,0.95,0.95,0.95,0.95,0.95,1,0,0,0,0,0,0,1,System.Byte[],1,0.95,1,0.95,1.5,1,System.Byte[]
702,Flames of Chaos + 2 -- 混沌の炎＋2,0.86,1,0.87,1,1.2,1,1,0.56,0.56,0.82,0.82,0.95,0.95,1.02,0.95,0.95,0.95,0.95,0.95,1,0,0,0,0,0,0,2,System.Byte[],1,0.95,1,0.95,1.75,1,System.Byte[]
703,Flames of Chaos + 3 -- 混沌の炎＋3,0.89,1,0.905,1,1.3,1,1,0.69,0.69,0.96,0.96,0.95,0.95,1.03,0.95,0.95,0.95,0.95,0.95,1,0,0,0,0,0,0,3,System.Byte[],1,0.95,1,0.95,2,1,System.Byte[]
704,Flames of Chaos + 4 -- 混沌の炎＋4,0.92,1,0.94,1,1.4,1,1,0.83,0.83,1.09,1.09,0.95,0.95,1.04,0.95,0.95,0.95,0.95,0.95,1,0,0,0,0,0,0,4,System.Byte[],1,0.95,1,0.95,2.25,1,System.Byte[]
705,Flames of Chaos + 5 -- 混沌の炎＋5,0.95,1,0.975,1,1.5,1,1,0.92,0.92,1.13,1.13,0.95,0.95,1.05,0.95,0.95,0.95,0.95,0.95,1,0,0,0,0,0,0,5,System.Byte[],1,0.95,1,0.95,2.5,1,System.Byte[]
706,Flame of Chaos + 6 -- 混沌の炎＋6,0.98,1,1.01,1,1.6,1,1,1.01,1.01,1.17,1.17,0.95,0.95,1.06,0.95,0.95,0.95,0.95,0.95,1,0,0,0,0,0,0,6,System.Byte[],1,0.95,1,0.95,2.75,1,System.Byte[]
707,Flames of Chaos + 7 -- 混沌の炎＋7,1.01,1,1.045,1,1.7,1,1,1.1,1.1,1.21,1.21,0.95,0.95,1.07,0.95,0.95,0.95,0.95,0.95,1,0,0,0,0,0,0,7,System.Byte[],1,0.95,1,0.95,3,1,System.Byte[]
708,Flames of Chaos + 8 -- 混沌の炎＋8,1.04,1,1.08,1,1.8,1,1,1.19,1.19,1.25,1.25,0.95,0.95,1.08,0.95,0.95,0.95,0.95,0.95,1,0,0,0,0,0,0,8,System.Byte[],1,0.95,1,0.95,3.25,1,System.Byte[]
709,Flames of Chaos + 9 -- 混沌の炎＋9,1.07,1,1.115,1,1.9,1,1,1.28,1.28,1.29,1.29,0.95,0.95,1.09,0.95,0.95,0.95,0.95,0.95,1,0,0,0,0,0,0,9,System.Byte[],1,0.95,1,0.95,3.5,1,System.Byte[]
710,Flames of Chaos + 10 -- 混沌の炎＋10,1.1,1,1.15,1,2,1,1,1.35,1.35,1.3,1.3,0.95,0.95,1.1,0.95,0.95,0.95,0.95,0.95,1,0,0,0,0,0,0,10,System.Byte[],1,0.95,1,0.95,4,1,System.Byte[]
800,Lightning -- 雷,0.75,1,1,0.75,1,1,1,0.5,0.5,0.9,0.9,0.95,0.95,0.95,1,0.95,0.95,0.95,0.95,1,0,0,0,0,0,0,0,System.Byte[],1,0.95,1,0.95,1.5,1,System.Byte[]
801,Thunder + 1 -- 雷＋1,0.805,1,1,0.805,1.1,1,1,0.61,0.61,1.04,1.04,0.95,0.95,0.95,1.01,0.95,0.95,0.95,0.95,1,0,0,0,0,0,0,1,System.Byte[],1,0.95,1,0.95,1.5,1,System.Byte[]
802,Thunder + 2 -- 雷＋2,0.86,1,1,0.86,1.2,1,1,0.72,0.72,1.18,1.18,0.95,0.95,0.95,1.02,0.95,0.95,0.95,0.95,1,0,0,0,0,0,0,2,System.Byte[],1,0.95,1,0.95,1.75,1,System.Byte[]
803,Thunder + 3 -- 雷＋3,0.915,1,1,0.915,1.3,1,1,0.83,0.83,1.32,1.32,0.95,0.95,0.95,1.03,0.95,0.95,0.95,0.95,1,0,0,0,0,0,0,3,System.Byte[],1,0.95,1,0.95,2,1,System.Byte[]
804,Thunder + 4 -- 雷＋4,0.97,1,1,0.97,1.4,1,1,0.93,0.93,1.44,1.44,0.95,0.95,0.95,1.04,0.95,0.95,0.95,0.95,1,0,0,0,0,0,0,4,System.Byte[],1,0.95,1,0.95,2.25,1,System.Byte[]
805,Thunder + 5 -- 雷＋5,1.025,1,1,1.025,1.5,1,1,0.96,0.96,1.48,1.48,0.95,0.95,0.95,1.05,0.95,0.95,0.95,0.95,1,0,0,0,0,0,0,5,System.Byte[],1,0.95,1,0.95,2.5,1,System.Byte[]
806,Thunder + 6 -- 雷＋6,1.08,1,1,1.08,1.6,1,1,0.99,0.99,1.52,1.52,0.95,0.95,0.95,1.06,0.95,0.95,0.95,0.95,1,0,0,0,0,0,0,6,System.Byte[],1,0.95,1,0.95,2.75,1,System.Byte[]
807,Thunder + 7 -- 雷＋7,1.135,1,1,1.135,1.7,1,1,1.02,1.02,1.56,1.56,0.95,0.95,0.95,1.07,0.95,0.95,0.95,0.95,1,0,0,0,0,0,0,7,System.Byte[],1,0.95,1,0.95,3,1,System.Byte[]
808,Thunder + 8 -- 雷＋8,1.19,1,1,1.19,1.8,1,1,1.05,1.05,1.6,1.6,0.95,0.95,0.95,1.08,0.95,0.95,0.95,0.95,1,0,0,0,0,0,0,8,System.Byte[],1,0.95,1,0.95,3.25,1,System.Byte[]
809,Thunder + 9 -- 雷＋9,1.245,1,1,1.245,1.9,1,1,1.08,1.08,1.64,1.64,0.95,0.95,0.95,1.09,0.95,0.95,0.95,0.95,1,0,0,0,0,0,0,9,System.Byte[],1,0.95,1,0.95,3.5,1,System.Byte[]
810,Thunder + 10 -- 雷＋10,1.3,1,1,1.3,2,1,1,1.1,1.1,1.65,1.65,0.95,0.95,0.95,1.1,0.95,0.95,0.95,0.95,1,0,0,0,0,0,0,10,System.Byte[],1,0.95,1,0.95,4,1,System.Byte[]
900,Lightning -- 雷,0.85,1,1,1,1,1,1,0,0,0,0,0.95,0.95,0.95,0.95,0.95,0.95,0.95,0.95,1,0,0,0,0,0,0,0,System.Byte[],0.85,1.1,0,0.95,1.5,1,System.Byte[]
901,Thunder + 1 -- 雷＋1,0.94,1,1,1,1.1,1,1,0,0,0,0,0.95,0.95,0.95,0.95,0.95,0.95,0.95,0.95,1,0,0,0,0,0,0,1,System.Byte[],0.94,1.11,0,0.95,1.5,1,System.Byte[]
902,Thunder + 2 -- 雷＋2,1.03,1,1,1,1.2,1,1,0,0,0,0,0.95,0.95,0.95,0.95,0.95,0.95,0.95,0.95,1,0,0,0,0,0,0,2,System.Byte[],1.03,1.12,0,0.95,1.75,1,System.Byte[]
903,Thunder + 3 -- 雷＋3,1.12,1,1,1,1.3,1,1,0,0,0,0,0.95,0.95,0.95,0.95,0.95,0.95,0.95,0.95,1,0,0,0,0,0,0,3,System.Byte[],1.12,1.13,0,0.95,2,1,System.Byte[]
904,Thunder + 4 -- 雷＋4,1.19,1,1,1,1.4,1,1,0,0,0,0,0.95,0.95,0.95,0.95,0.95,0.95,0.95,0.95,1,0,0,0,0,0,0,4,System.Byte[],1.19,1.14,0,0.95,2.25,1,System.Byte[]
905,Thunder + 5 -- 雷＋5,1.3,1,1,1,1.5,1,1,0,0,0,0,0.95,0.95,0.95,0.95,0.95,0.95,0.95,0.95,1,0,0,0,0,0,0,5,System.Byte[],1.3,1.15,0,0.95,2.5,1,System.Byte[]
906,Thunder + 6 -- 雷＋6,1.41,1,1,1,1.6,1,1,0,0,0,0,0.95,0.95,0.95,0.95,0.95,0.95,0.95,0.95,1,0,0,0,0,0,0,6,System.Byte[],1.41,1.16,0,0.95,2.75,1,System.Byte[]
907,Thunder + 7 -- 雷＋7,1.52,1,1,1,1.7,1,1,0,0,0,0,0.95,0.95,0.95,0.95,0.95,0.95,0.95,0.95,1,0,0,0,0,0,0,7,System.Byte[],1.52,1.17,0,0.95,3,1,System.Byte[]
908,Thunder + 8 -- 雷＋8,1.63,1,1,1,1.8,1,1,0,0,0,0,0.95,0.95,0.95,0.95,0.95,0.95,0.95,0.95,1,0,0,0,0,0,0,8,System.Byte[],1.63,1.18,0,0.95,3.25,1,System.Byte[]
909,Thunder + 9 -- 雷＋9,1.74,1,1,1,1.9,1,1,0,0,0,0,0.95,0.95,0.95,0.95,0.95,0.95,0.95,0.95,1,0,0,0,0,0,0,9,System.Byte[],1.74,1.19,0,0.95,3.5,1,System.Byte[]
910,Thunder + 10 -- 雷＋10,1.85,1,1,1,2,1,1,0,0,0,0,0.95,0.95,0.95,0.95,0.95,0.95,0.95,0.95,1,0,0,0,0,0,0,10,System.Byte[],1.85,1.2,0,0.95,4,1,System.Byte[]
1000,Lightning -- 雷,0.8,1,1,1,1,1,1,0.3,0.3,0.54,0.54,0.95,0.95,0.95,0.95,0.95,0.95,0.95,0.95,1,0,0,0,0,0,0,0,System.Byte[],0.8,1,1,0.95,1.5,1,System.Byte[]
1001,Thunder + 1 -- 雷＋1,0.83,1,1,1,1.1,1,1,0.43,0.43,0.68,0.68,0.95,0.95,0.95,0.95,0.95,0.95,0.95,0.95,1,0,0,0,0,0,0,1,System.Byte[],0.835,1.01,1,0.95,1.5,1,System.Byte[]
1002,Thunder + 2 -- 雷＋2,0.86,1,1,1,1.2,1,1,0.56,0.56,0.82,0.82,0.95,0.95,0.95,0.95,0.95,0.95,0.95,0.95,1,0,0,0,0,0,0,2,System.Byte[],0.87,1.02,1,0.95,1.75,1,System.Byte[]
1003,Thunder + 3 -- 雷＋3,0.89,1,1,1,1.3,1,1,0.69,0.69,0.96,0.96,0.95,0.95,0.95,0.95,0.95,0.95,0.95,0.95,1,0,0,0,0,0,0,3,System.Byte[],0.905,1.03,1,0.95,2,1,System.Byte[]
1004,Thunder + 4 -- 雷＋4,0.92,1,1,1,1.4,1,1,0.83,0.83,1.09,1.09,0.95,0.95,0.95,0.95,0.95,0.95,0.95,0.95,1,0,0,0,0,0,0,4,System.Byte[],0.94,1.04,1,0.95,2.25,1,System.Byte[]
1005,Thunder + 5 -- 雷＋5,0.95,1,1,1,1.5,1,1,0.92,0.92,1.13,1.13,0.95,0.95,0.95,0.95,0.95,0.95,0.95,0.95,1,0,0,0,0,0,0,5,System.Byte[],0.975,1.05,1,0.95,2.5,1,System.Byte[]
1006,Thunder + 6 -- 雷＋6,0.98,1,1,1,1.6,1,1,1.01,1.01,1.17,1.17,0.95,0.95,0.95,0.95,0.95,0.95,0.95,0.95,1,0,0,0,0,0,0,6,System.Byte[],1.01,1.06,1,0.95,2.75,1,System.Byte[]
1007,Thunder + 7 -- 雷＋7,1.01,1,1,1,1.7,1,1,1.1,1.1,1.21,1.21,0.95,0.95,0.95,0.95,0.95,0.95,0.95,0.95,1,0,0,0,0,0,0,7,System.Byte[],1.045,1.07,1,0.95,3,1,System.Byte[]
1008,Thunder + 8 -- 雷＋8,1.04,1,1,1,1.8,1,1,1.19,1.19,1.25,1.25,0.95,0.95,0.95,0.95,0.95,0.95,0.95,0.95,1,0,0,0,0,0,0,8,System.Byte[],1.08,1.08,1,0.95,3.25,1,System.Byte[]
1009,Thunder + 9 -- 雷＋9,1.07,1,1,1,1.9,1,1,1.28,1.28,1.29,1.29,0.95,0.95,0.95,0.95,0.95,0.95,0.95,0.95,1,0,0,0,0,0,0,9,System.Byte[],1.115,1.09,1,0.95,3.5,1,System.Byte[]
1010,Thunder + 10 -- 雷＋10,1.1,1,1,1,2,1,1,1.35,1.35,1.3,1.3,0.95,0.95,0.95,0.95,0.95,0.95,0.95,0.95,1,0,0,0,0,0,0,10,System.Byte[],1.15,1.1,1,0.95,4,1,System.Byte[]
1100,Lightning -- 雷,0.9,0.9,0.9,0.9,1,1,1,0.9,0.9,0.9,0.9,0.95,0.95,0.95,0.95,1.1,1.1,0.95,0.95,1,0,0,0,0,0,0,0,System.Byte[],0.9,0.95,1,0.95,1.5,1,System.Byte[]
1101,Thunder + 1 -- 雷＋1,0.965,0.965,0.965,0.965,1.1,1,1,0.99,0.99,0.99,0.99,0.95,0.95,0.95,0.95,1.11,1.11,0.95,0.95,1,0,1,0,0,0,0,1,System.Byte[],0.965,0.95,1.18,0.95,1.5,1,System.Byte[]
1102,Thunder + 2 -- 雷＋2,1.03,1.03,1.03,1.03,1.2,1,1,1.08,1.08,1.08,1.08,0.95,0.95,0.95,0.95,1.12,1.12,0.95,0.95,1,0,2,0,0,0,0,2,System.Byte[],1.03,0.95,1.36,0.95,1.75,1,System.Byte[]
1103,Thunder + 3 -- 雷＋3,1.095,1.095,1.095,1.095,1.3,1,1,1.17,1.17,1.17,1.17,0.95,0.95,0.95,0.95,1.13,1.13,0.95,0.95,1,0,3,0,0,0,0,3,System.Byte[],1.095,0.95,1.54,0.95,2,1,System.Byte[]
1104,Thunder + 4 -- 雷＋4,1.16,1.16,1.16,1.16,1.4,1,1,1.26,1.26,1.26,1.26,0.95,0.95,0.95,0.95,1.14,1.14,0.95,0.95,1,0,4,0,0,0,0,4,System.Byte[],1.16,0.95,1.72,0.95,2.25,1,System.Byte[]
1105,Thunder + 5 -- 雷＋5,1.225,1.225,1.225,1.225,1.5,1,1,1.28,1.28,1.28,1.28,0.95,0.95,0.95,0.95,1.15,1.15,0.95,0.95,1,0,5,0,0,0,0,5,System.Byte[],1.225,0.95,1.77,0.95,2.5,1,System.Byte[]
1106,Thunder + 6 -- 雷＋6,1.29,1.29,1.29,1.29,1.6,1,1,1.3,1.3,1.3,1.3,0.95,0.95,0.95,0.95,1.16,1.16,0.95,0.95,1,0,6,0,0,0,0,6,System.Byte[],1.29,0.95,1.82,0.95,2.75,1,System.Byte[]
1107,Thunder + 7 -- 雷＋7,1.355,1.355,1.355,1.355,1.7,1,1,1.32,1.32,1.32,1.32,0.95,0.95,0.95,0.95,1.17,1.17,0.95,0.95,1,0,7,0,0,0,0,7,System.Byte[],1.355,0.95,1.87,0.95,3,1,System.Byte[]
1108,Thunder + 8 -- 雷＋8,1.42,1.42,1.42,1.42,1.8,1,1,1.34,1.34,1.34,1.34,0.95,0.95,0.95,0.95,1.18,1.18,0.95,0.95,1,0,8,0,0,0,0,8,System.Byte[],1.42,0.95,1.92,0.95,3.25,1,System.Byte[]
1109,Thunder + 9 -- 雷＋9,1.485,1.485,1.485,1.485,1.9,1,1,1.36,1.36,1.36,1.36,0.95,0.95,0.95,0.95,1.19,1.19,0.95,0.95,1,0,9,0,0,0,0,9,System.Byte[],1.485,0.95,1.97,0.95,3.5,1,System.Byte[]
1110,Thunder + 10 -- 雷＋10,1.55,1.55,1.55,1.55,2,1,1,1.4,1.4,1.4,1.4,0.95,0.95,0.95,0.95,1.2,1.2,0.95,0.95,1,0,10,0,0,0,0,10,System.Byte[],1.55,0.95,2,0.95,4,1,System.Byte[]
1200,Lightning -- 雷,0.9,0.9,0.9,0.9,1,1,1,0.9,0.9,0.9,0.9,0.95,0.95,0.95,0.95,0.95,0.95,1.1,0.95,1,0,0,0,0,0,0,0,System.Byte[],0.9,0.95,1,0.95,1.5,1,System.Byte[]
1201,Thunder + 1 -- 雷＋1,0.965,0.965,0.965,0.965,1.1,1,1,0.99,0.99,0.99,0.99,0.95,0.95,0.95,0.95,0.95,0.95,1.11,0.95,1,1,0,0,0,0,0,1,System.Byte[],0.965,0.95,1.18,0.95,1.5,1,System.Byte[]
1202,Thunder + 2 -- 雷＋2,1.03,1.03,1.03,1.03,1.2,1,1,1.08,1.08,1.08,1.08,0.95,0.95,0.95,0.95,0.95,0.95,1.12,0.95,1,2,0,0,0,0,0,2,System.Byte[],1.03,0.95,1.36,0.95,1.75,1,System.Byte[]
1203,Thunder + 3 -- 雷＋3,1.095,1.095,1.095,1.095,1.3,1,1,1.17,1.17,1.17,1.17,0.95,0.95,0.95,0.95,0.95,0.95,1.13,0.95,1,3,0,0,0,0,0,3,System.Byte[],1.095,0.95,1.54,0.95,2,1,System.Byte[]
1204,Thunder + 4 -- 雷＋4,1.16,1.16,1.16,1.16,1.4,1,1,1.26,1.26,1.26,1.26,0.95,0.95,0.95,0.95,0.95,0.95,1.14,0.95,1,4,0,0,0,0,0,4,System.Byte[],1.16,0.95,1.72,0.95,2.25,1,System.Byte[]
1205,Thunder + 5 -- 雷＋5,1.225,1.225,1.225,1.225,1.5,1,1,1.28,1.28,1.28,1.28,0.95,0.95,0.95,0.95,0.95,0.95,1.15,0.95,1,5,0,0,0,0,0,5,System.Byte[],1.225,0.95,1.77,0.95,2.5,1,System.Byte[]
1206,Thunder + 6 -- 雷＋6,1.29,1.29,1.29,1.29,1.6,1,1,1.3,1.3,1.3,1.3,0.95,0.95,0.95,0.95,0.95,0.95,1.16,0.95,1,6,0,0,0,0,0,6,System.Byte[],1.29,0.95,1.82,0.95,2.75,1,System.Byte[]
1207,Thunder + 7 -- 雷＋7,1.355,1.355,1.355,1.355,1.7,1,1,1.32,1.32,1.32,1.32,0.95,0.95,0.95,0.95,0.95,0.95,1.17,0.95,1,7,0,0,0,0,0,7,System.Byte[],1.355,0.95,1.87,0.95,3,1,System.Byte[]
1208,Thunder + 8 -- 雷＋8,1.42,1.42,1.42,1.42,1.8,1,1,1.34,1.34,1.34,1.34,0.95,0.95,0.95,0.95,0.95,0.95,1.18,0.95,1,8,0,0,0,0,0,8,System.Byte[],1.42,0.95,1.92,0.95,3.25,1,System.Byte[]
1209,Thunder + 9 -- 雷＋9,1.485,1.485,1.485,1.485,1.9,1,1,1.36,1.36,1.36,1.36,0.95,0.95,0.95,0.95,0.95,0.95,1.19,0.95,1,9,0,0,0,0,0,9,System.Byte[],1.485,0.95,1.97,0.95,3.5,1,System.Byte[]
1210,Thunder + 10 -- 雷＋10,1.55,1.55,1.55,1.55,2,1,1,1.4,1.4,1.4,1.4,0.95,0.95,0.95,0.95,0.95,0.95,1.2,0.95,1,10,0,0,0,0,0,10,System.Byte[],1.55,0.95,2,0.95,4,1,System.Byte[]
1300,Lightning -- 雷,1.15,1,1,1,1,1,1,0,0,0,0,0.95,0.95,0.95,0.95,0.95,0.95,0.95,0.95,1,0,0,0,0,0,0,0,System.Byte[],1,0.95,0,0.95,1.5,1,System.Byte[]
1301,Thunder + 1 -- 雷＋1,1.32,1.1,1.1,1.1,1.1,1,1,0,0,0,0,0.95,0.95,0.95,0.95,0.95,0.95,0.95,0.95,1,0,0,0,0,0,0,1,System.Byte[],1.1,0.95,0,0.95,1.5,1,System.Byte[]
1302,Thunder + 2 -- 雷＋2,1.49,1.2,1.2,1.2,1.2,1,1,0,0,0,0,0.95,0.95,0.95,0.95,0.95,0.95,0.95,0.95,1,0,0,0,0,0,0,2,System.Byte[],1.2,0.95,0,0.95,1.75,1,System.Byte[]
1303,Thunder + 3 -- 雷＋3,1.66,1.3,1.3,1.3,1.3,1,1,0,0,0,0,0.95,0.95,0.95,0.95,0.95,0.95,0.95,0.95,1,0,0,0,0,0,0,3,System.Byte[],1.3,0.95,0,0.95,2,1,System.Byte[]
1304,Thunder + 4 -- 雷＋4,1.81,1.4,1.4,1.4,1.4,1,1,0,0,0,0,0.95,0.95,0.95,0.95,0.95,0.95,0.95,0.95,1,0,0,0,0,0,0,4,System.Byte[],1.4,0.95,0,0.95,2.25,1,System.Byte[]
1305,Thunder + 5 -- 雷＋5,1.94,1.5,1.5,1.5,1.5,1,1,0,0,0,0,0.95,0.95,0.95,0.95,0.95,0.95,0.95,0.95,1,0,0,0,0,0,0,5,System.Byte[],1.5,0.95,0,0.95,2.5,1,System.Byte[]
1306,Thunder + 6 -- 雷＋6,2.07,1.6,1.6,1.6,1.6,1,1,0,0,0,0,0.95,0.95,0.95,0.95,0.95,0.95,0.95,0.95,1,0,0,0,0,0,0,6,System.Byte[],1.6,0.95,0,0.95,2.75,1,System.Byte[]
1307,Thunder + 7 -- 雷＋7,2.2,1.7,1.7,1.7,1.7,1,1,0,0,0,0,0.95,0.95,0.95,0.95,0.95,0.95,0.95,0.95,1,0,0,0,0,0,0,7,System.Byte[],1.7,0.95,0,0.95,3,1,System.Byte[]
1308,Thunder + 8 -- 雷＋8,2.33,1.8,1.8,1.8,1.8,1,1,0,0,0,0,0.95,0.95,0.95,0.95,0.95,0.95,0.95,0.95,1,0,0,0,0,0,0,8,System.Byte[],1.8,0.95,0,0.95,3.25,1,System.Byte[]
1309,Thunder + 9 -- 雷＋9,2.46,1.9,1.9,1.9,1.9,1,1,0,0,0,0,0.95,0.95,0.95,0.95,0.95,0.95,0.95,0.95,1,0,0,0,0,0,0,9,System.Byte[],1.9,0.95,0,0.95,3.5,1,System.Byte[]
1310,Thunder + 10 -- 雷＋10,2.6,2,2,2,2,1,1,0,0,0,0,0.95,0.95,0.95,0.95,0.95,0.95,0.95,0.95,1,0,0,0,0,0,0,10,System.Byte[],2,0.95,0,0.95,4,1,System.Byte[]
1400,Sacred -- 神聖,0.8,0.8,0.8,0.8,1,1,1,0.7,0.7,0.7,1,0.95,0.95,0.95,0.95,0.95,0.95,0.95,0.95,0.95,0,0,0,0,0,0,0,System.Byte[],0.8,0.95,1,0.95,1.5,1,System.Byte[]
1401,Sacred + 1 -- 神聖＋1,0.85,0.85,0.85,0.85,1.1,1,1,0.76,0.76,0.84,1.1,0.95,0.95,0.95,0.95,0.95,0.95,0.95,0.95,0.95,0,0,0,1,0,0,1,System.Byte[],0.85,0.95,1,0.95,1.5,1,System.Byte[]
1402,Sacred + 2 -- 神聖＋2,0.9,0.9,0.9,0.9,1.2,1,1,0.82,0.82,0.98,1.2,0.95,0.95,0.95,0.95,0.95,0.95,0.95,0.95,0.95,0,0,0,2,0,0,2,System.Byte[],0.9,0.95,1,0.95,1.75,1,System.Byte[]
1403,Sacred + 3 -- 神聖＋3,0.95,0.95,0.95,0.95,1.3,1,1,0.88,0.88,1.12,1.3,0.95,0.95,0.95,0.95,0.95,0.95,0.95,0.95,0.95,0,0,0,3,0,0,3,System.Byte[],0.95,0.95,1,0.95,2,1,System.Byte[]
1404,Sacred + 4 -- 神聖＋4,1,1,1,1,1.4,1,1,0.95,0.95,1.25,1.4,0.95,0.95,0.95,0.95,0.95,0.95,0.95,0.95,0.95,0,0,0,4,0,0,4,System.Byte[],1,0.95,1,0.95,2.25,1,System.Byte[]
1405,Sacred + 5 -- 神聖＋5,1.05,1.05,1.05,1.05,1.5,1,1,0.99,0.99,1.34,1.47,0.95,0.95,0.95,0.95,0.95,0.95,0.95,0.95,0.95,0,0,0,5,0,0,5,System.Byte[],1.05,0.95,1,0.95,2.5,1,System.Byte[]
1406,Sacred + 6 -- 神聖＋6,1.1,1.1,1.1,1.1,1.6,1,1,1.03,1.03,1.43,1.54,0.95,0.95,0.95,0.95,0.95,0.95,0.95,0.95,0.95,0,0,0,6,0,0,6,System.Byte[],1.1,0.95,1,0.95,2.75,1,System.Byte[]
1407,Sacred + 7 -- 神聖＋7,1.15,1.15,1.15,1.15,1.7,1,1,1.07,1.07,1.52,1.61,0.95,0.95,0.95,0.95,0.95,0.95,0.95,0.95,0.95,0,0,0,7,0,0,7,System.Byte[],1.15,0.95,1,0.95,3,1,System.Byte[]
1408,Sacred + 8 -- 神聖＋8,1.2,1.2,1.2,1.2,1.8,1,1,1.11,1.11,1.61,1.68,0.95,0.95,0.95,0.95,0.95,0.95,0.95,0.95,0.95,0,0,0,8,0,0,8,System.Byte[],1.2,0.95,1,0.95,3.25,1,System.Byte[]
1409,Sacred + 9 -- 神聖＋9,1.25,1.25,1.25,1.25,1.9,1,1,1.15,1.15,1.7,1.75,0.95,0.95,0.95,0.95,0.95,0.95,0.95,0.95,0.95,0,0,0,9,0,0,9,System.Byte[],1.25,0.95,1,0.95,3.5,1,System.Byte[]
1410,Sacred + 10 -- 神聖＋10,1.3,1.3,1.3,1.3,2,1,1,1.2,1.2,1.8,1.8,0.95,0.95,0.95,0.95,0.95,0.95,0.95,0.95,0.95,0,0,0,10,0,0,10,System.Byte[],1.3,0.95,1,0.95,4,1,System.Byte[]
1500,Dark -- 暗黒,0.95,0.95,0.95,0.95,1,1,1,0.9,0.9,0.9,0.9,0.95,0.95,0.95,0.95,0.95,0.95,0.95,0.95,0.95,0,0,0,0,0,0,0,System.Byte[],0.95,0.95,1,0.95,1.5,1,System.Byte[]
1501,Darkness + 1 -- 暗黒＋1,1.045,1.045,1.045,1.045,1.1,1,1,0.99,0.99,0.99,0.99,0.95,0.95,0.95,0.95,0.95,0.95,0.95,0.95,0.95,0,0,0,0,0,1,1,System.Byte[],1.045,0.95,1.09,0.95,1.5,1,System.Byte[]
1502,Darkness + 2 -- 暗黒＋2,1.14,1.14,1.14,1.14,1.2,1,1,1.08,1.08,1.08,1.08,0.95,0.95,0.95,0.95,0.95,0.95,0.95,0.95,0.95,0,0,0,0,0,2,2,System.Byte[],1.14,0.95,1.18,0.95,1.75,1,System.Byte[]
1503,Darkness + 3 -- 暗黒＋3,1.235,1.235,1.235,1.235,1.3,1,1,1.17,1.17,1.17,1.17,0.95,0.95,0.95,0.95,0.95,0.95,0.95,0.95,0.95,0,0,0,0,0,3,3,System.Byte[],1.235,0.95,1.27,0.95,2,1,System.Byte[]
1504,Darkness + 4 -- 暗黒＋4,1.33,1.33,1.33,1.33,1.4,1,1,1.26,1.26,1.26,1.26,0.95,0.95,0.95,0.95,0.95,0.95,0.95,0.95,0.95,0,0,0,0,0,4,4,System.Byte[],1.33,0.95,1.36,0.95,2.25,1,System.Byte[]
1505,Darkness + 5 -- 暗黒＋5,1.425,1.425,1.425,1.425,1.5,1,1,1.28,1.28,1.28,1.28,0.95,0.95,0.95,0.95,0.95,0.95,0.95,0.95,0.95,0,0,0,0,0,5,5,System.Byte[],1.425,0.95,1.38,0.95,2.5,1,System.Byte[]
1506,,1.52,1.52,1.52,1.52,1.6,1,1,1.3,1.3,1.3,1.3,0.95,0.95,0.95,0.95,0.95,0.95,0.95,0.95,0.95,0,0,0,0,0,6,6,System.Byte[],1.52,0.95,1.4,0.95,2.75,1,System.Byte[]
1507,,1.615,1.615,1.615,1.615,1.7,1,1,1.32,1.32,1.32,1.32,0.95,0.95,0.95,0.95,0.95,0.95,0.95,0.95,0.95,0,0,0,0,0,7,7,System.Byte[],1.615,0.95,1.42,0.95,3,1,System.Byte[]
1508,,1.71,1.71,1.71,1.71,1.8,1,1,1.34,1.34,1.34,1.34,0.95,0.95,0.95,0.95,0.95,0.95,0.95,0.95,0.95,0,0,0,0,0,8,8,System.Byte[],1.71,0.95,1.44,0.95,3.25,1,System.Byte[]
1509,,1.805,1.805,1.805,1.805,1.9,1,1,1.36,1.36,1.36,1.36,0.95,0.95,0.95,0.95,0.95,0.95,0.95,0.95,0.95,0,0,0,0,0,9,9,System.Byte[],1.805,0.95,1.46,0.95,3.5,1,System.Byte[]
1510,,1.9,1.9,1.9,1.9,2,1,1,1.4,1.4,1.4,1.4,0.95,0.95,0.95,0.95,0.95,0.95,0.95,0.95,0.95,0,0,0,0,0,10,10,System.Byte[],1.9,0.95,1.5,0.95,4,1,System.Byte[]
2000,Daemon -- デーモン,0.8,0.8,0.8,0.8,1,1,1,1,1,1,1,1,1,1,1,1,1,1,1,1,0,0,0,0,0,0,0,System.Byte[],0.8,1,1,1,1,1,System.Byte[]
2001,Daemon + 1 -- デーモン＋1,0.9,0.9,0.9,0.9,1.1,1,1,1.07,1.07,1.07,1.07,1,1,1,1,1,1,1,1,1,0,0,0,0,0,0,1,System.Byte[],0.9,1,1.07,1,1,1,System.Byte[]
2002,Daemon + 2 -- デーモン＋2,1,1,1,1,1.2,1,1,1.14,1.14,1.14,1.14,1,1,1,1,1,1,1,1,1,0,0,0,0,0,0,2,System.Byte[],1,1,1.14,1,1.2,1,System.Byte[]
2003,Daemon + 3 -- デーモン＋3,1.1,1.1,1.1,1.1,1.3,1,1,1.21,1.21,1.21,1.21,1,1,1,1,1,1,1,1,1,0,0,0,0,0,0,3,System.Byte[],1.1,1,1.21,1,1.4,1,System.Byte[]
2004,Daemon + 4 -- デーモン＋4,1.2,1.2,1.2,1.2,1.4,1,1,1.29,1.29,1.29,1.29,1,1,1,1,1,1,1,1,1,0,0,0,0,0,0,4,System.Byte[],1.2,1,1.29,1,1.6,1,System.Byte[]
2005,Daemon + 5 -- デーモン＋5,1.3,1.3,1.3,1.3,1.5,1,1,1.31,1.31,1.31,1.31,1,1,1,1,1,1,1,1,1,0,0,0,0,0,0,5,System.Byte[],1.3,1,1.31,1,1.8,1,System.Byte[]
2006,[Unique] Stock +6,1.4,1.4,1.4,1.4,1.6,1,1,1.33,1.33,1.33,1.33,1,1,1,1,1,1,1,1,1,0,0,0,0,0,0,6,System.Byte[],1.4,1,1.33,1,2,1,System.Byte[]
2007,[Unique] Stock +7,1.5,1.5,1.5,1.5,1.7,1,1,1.35,1.35,1.35,1.35,1,1,1,1,1,1,1,1,1,0,0,0,0,0,0,7,System.Byte[],1.5,1,1.35,1,2.2,1,System.Byte[]
2008,[Unique] Stock +8,1.6,1.6,1.6,1.6,1.8,1,1,1.37,1.37,1.37,1.37,1,1,1,1,1,1,1,1,1,0,0,0,0,0,0,8,System.Byte[],1.6,1,1.37,1,2.4,1,System.Byte[]
2009,[Unique] Stock +9,1.7,1.7,1.7,1.7,1.9,1,1,1.39,1.39,1.39,1.39,1,1,1,1,1,1,1,1,1,0,0,0,0,0,0,9,System.Byte[],1.7,1,1.39,1,2.6,1,System.Byte[]
2010,[Unique] Stock +10,1.8,1.8,1.8,1.8,2,1,1,1.4,1.4,1.4,1.4,1,1,1,1,1,1,1,1,1,0,0,0,0,0,0,10,System.Byte[],1.8,1,1.4,1,3,1,System.Byte[]
2100,Dragon -- ドラゴン,1.1,1.1,1.1,1.1,1,1,1,1,1,1,1,1,1,1,1,1,1,1,1,1,0,0,0,0,0,0,0,System.Byte[],1.1,1,1,1,1,1,System.Byte[]
2101,Dragon + 1 -- ドラゴン＋1,1.28,1.28,1.28,1.28,1.2,1,1,1.08,1.08,1.08,1.08,1,1,1,1,1,1,1,1,1,0,0,0,0,0,0,1,System.Byte[],1.28,1,1.08,1,1,1,System.Byte[]
2102,Dragon + 2 -- ドラゴン＋2,1.46,1.46,1.46,1.46,1.4,1,1,1.16,1.16,1.16,1.16,1,1,1,1,1,1,1,1,1,0,0,0,0,0,0,2,System.Byte[],1.46,1,1.16,1,1.6,1,System.Byte[]
2103,Dragon + 3 -- ドラゴン＋3,1.64,1.64,1.64,1.64,1.6,1,1,1.24,1.24,1.24,1.24,1,1,1,1,1,1,1,1,1,0,0,0,0,0,0,3,System.Byte[],1.64,1,1.24,1,2.2,1,System.Byte[]
2104,Dragon + 4 -- ドラゴン＋4,1.82,1.82,1.82,1.82,1.8,1,1,1.32,1.32,1.32,1.32,1,1,1,1,1,1,1,1,1,0,0,0,0,0,0,4,System.Byte[],1.82,1,1.32,1,2.8,1,System.Byte[]
2105,Dragon + 5 -- ドラゴン＋5,2,2,2,2,2,1,1,1.4,1.4,1.4,1.4,1,1,1,1,1,1,1,1,1,0,0,0,0,0,0,5,System.Byte[],2,1,1.4,1,4,1,System.Byte[]
2200,Special -- 特別,1.15,1.15,1.15,1.15,1,1,1,1,1,1,1,1,1,1,1,1,1,1,1,1,0,0,0,0,0,0,0,System.Byte[],1.15,1,1,1,1,1,System.Byte[]
2201,Special + 1 -- 特別＋1,1.28,1.28,1.28,1.28,1.2,1,1,1.08,1.08,1.08,1.08,1,1,1,1,1,1,1,1,1,0,0,0,0,0,0,1,System.Byte[],1.28,1,1.08,1,1,1,System.Byte[]
2202,Special + 2 -- 特別＋2,1.37,1.37,1.37,1.37,1.4,1,1,1.16,1.16,1.16,1.16,1,1,1,1,1,1,1,1,1,0,0,0,0,0,0,2,System.Byte[],1.37,1,1.16,1,1.4,1,System.Byte[]
2203,Special + 3 -- 特別＋3,1.6,1.6,1.6,1.6,1.6,1,1,1.24,1.24,1.24,1.24,1,1,1,1,1,1,1,1,1,0,0,0,0,0,0,3,System.Byte[],1.6,1,1.24,1,1.8,1,System.Byte[]
2204,Special + 4 -- 特別＋4,1.8,1.8,1.8,1.8,1.8,1,1,1.32,1.32,1.32,1.32,1,1,1,1,1,1,1,1,1,0,0,0,0,0,0,4,System.Byte[],1.8,1,1.32,1,2.2,1,System.Byte[]
2205,Special + 5 -- 特別＋5,2,2,2,2,2,1,1,1.4,1.4,1.4,1.4,1,1,1,1,1,1,1,1,1,0,0,0,0,0,0,5,System.Byte[],2,1,1.4,1,3,1,System.Byte[]
2300,[Unique] Poison +0,0.8,0.8,0.8,0.8,1,1,1,1,1,1,1,1,1,1,1,1,1,1,1,1,0,0,0,0,0,0,0,System.Byte[],0.8,1,1,1,1,1,System.Byte[]
2301,[Unique] Poison +1,0.9,0.9,0.9,0.9,1.1,1,1,1.07,1.07,1.07,1.07,1,1,1,1,1,1,1,1,1,0,0,0,0,0,0,1,System.Byte[],0.9,1,1.07,1,1,1,System.Byte[]
2302,[Unique] Poison +2,1,1,1,1,1.2,1,1,1.14,1.14,1.14,1.14,1,1,1,1,1,1,1,1,1,0,0,0,0,0,0,2,System.Byte[],1,1,1.14,1,1.2,1,System.Byte[]
2303,[Unique] Poison +3,1.1,1.1,1.1,1.1,1.3,1,1,1.21,1.21,1.21,1.21,1,1,1,1,1,1,1,1,1,0,0,0,0,0,0,3,System.Byte[],1.1,1,1.21,1,1.4,1,System.Byte[]
2304,[Unique] Poison +4,1.2,1.2,1.2,1.2,1.4,1,1,1.29,1.29,1.29,1.29,1,1,1,1,1,1,1,1,1,0,0,0,0,0,0,4,System.Byte[],1.2,1,1.29,1,1.6,1,System.Byte[]
2305,[Unique] Poison +5,1.3,1.3,1.3,1.3,1.5,1,1,1.31,1.31,1.31,1.31,1,1,1,1,1,1,1,1,1,0,0,0,0,0,0,5,System.Byte[],1.3,1,1.31,1,1.8,1,System.Byte[]
2400,[Unique] Bleed +0,1.15,1.15,1.15,1.15,1,1,1,1,1,1,1,1,1,1,1,1,1,1,1,1,0,0,0,0,0,0,0,System.Byte[],1.15,1,1,1,1,1,System.Byte[]
2401,[Unique] Bleed +1,1.28,1.28,1.28,1.28,1.2,1,1,1.08,1.08,1.08,1.08,1,1,1,1,1,1,1,1,1,0,0,0,0,0,0,1,System.Byte[],1.28,1,1.08,1,1,1,System.Byte[]
2402,[Unique] Bleed +2,1.37,1.37,1.37,1.37,1.4,1,1,1.16,1.16,1.16,1.16,1,1,1,1,1,1,1,1,1,0,0,0,0,0,0,2,System.Byte[],1.37,1,1.16,1,1.4,1,System.Byte[]
2403,[Unique] Bleed +3,1.6,1.6,1.6,1.6,1.6,1,1,1.24,1.24,1.24,1.24,1,1,1,1,1,1,1,1,1,0,0,0,0,0,0,3,System.Byte[],1.6,1,1.24,1,1.8,1,System.Byte[]
2404,[Unique] Bleed +4,1.8,1.8,1.8,1.8,1.8,1,1,1.32,1.32,1.32,1.32,1,1,1,1,1,1,1,1,1,0,0,0,0,0,0,4,System.Byte[],1.8,1,1.32,1,2.2,1,System.Byte[]
2405,[Unique] Bleed +5,2,2,2,2,2,1,1,1.4,1.4,1.4,1.4,1,1,1,1,1,1,1,1,1,0,0,0,0,0,0,5,System.Byte[],2,1,1.4,1,3,1,System.Byte[]
2500,[Unique] Frost +0,1.1,1.1,1.1,1.1,1,1,1,1,1,1,1,1,1,1,1,1,1,1,1,1,0,0,0,0,0,0,0,System.Byte[],1.1,1,1,1,1,1,System.Byte[]
2501,[Unique] Frost +1,1.28,1.28,1.28,1.28,1.2,1,1,1.08,1.08,1.08,1.08,1,1,1,1,1,1,1,1,1,0,0,0,0,0,0,1,System.Byte[],1.28,1,1.08,1,1,1,System.Byte[]
2502,[Unique] Frost +2,1.46,1.46,1.46,1.46,1.4,1,1,1.16,1.16,1.16,1.16,1,1,1,1,1,1,1,1,1,0,0,0,0,0,0,2,System.Byte[],1.46,1,1.16,1,1.6,1,System.Byte[]
2503,[Unique] Frost +3,1.64,1.64,1.64,1.64,1.6,1,1,1.24,1.24,1.24,1.24,1,1,1,1,1,1,1,1,1,0,0,0,0,0,0,3,System.Byte[],1.64,1,1.24,1,2.2,1,System.Byte[]
2504,[Unique] Frost +4,1.82,1.82,1.82,1.82,1.8,1,1,1.32,1.32,1.32,1.32,1,1,1,1,1,1,1,1,1,0,0,0,0,0,0,4,System.Byte[],1.82,1,1.32,1,2.8,1,System.Byte[]
2505,[Unique] Frost +5,2,2,2,2,2,1,1,1.4,1.4,1.4,1.4,1,1,1,1,1,1,1,1,1,0,0,0,0,0,0,5,System.Byte[],2,1,1.4,1,4,1,System.Byte[]
2600,[Unique] Magic +0,1.15,1.15,1.15,1.15,1,1,1,1,1,1,1,1,1,1,1,1,1,1,1,1,0,0,0,0,0,0,0,System.Byte[],1.15,1,1,1,1,1,System.Byte[]
2601,[Unique] Magic +1,1.28,1.28,1.28,1.28,1.2,1,1,1.08,1.08,1.08,1.08,1,1,1,1,1,1,1,1,1,0,0,0,0,0,0,1,System.Byte[],1.28,1,1.08,1,1,1,System.Byte[]
2602,[Unique] Magic +2,1.37,1.37,1.37,1.37,1.4,1,1,1.16,1.16,1.16,1.16,1,1,1,1,1,1,1,1,1,0,0,0,0,0,0,2,System.Byte[],1.37,1,1.16,1,1.4,1,System.Byte[]
2603,[Unique] Magic +3,1.6,1.6,1.6,1.6,1.6,1,1,1.24,1.24,1.24,1.24,1,1,1,1,1,1,1,1,1,0,0,0,0,0,0,3,System.Byte[],1.6,1,1.24,1,1.8,1,System.Byte[]
2604,[Unique] Magic +4,1.8,1.8,1.8,1.8,1.8,1,1,1.32,1.32,1.32,1.32,1,1,1,1,1,1,1,1,1,0,0,0,0,0,0,4,System.Byte[],1.8,1,1.32,1,2.2,1,System.Byte[]
2605,[Unique] Magic +5,2,2,2,2,2,1,1,1.4,1.4,1.4,1.4,1,1,1,1,1,1,1,1,1,0,0,0,0,0,0,5,System.Byte[],2,1,1.4,1,3,1,System.Byte[]
2700,[Unique] Fire +0,1.1,1.1,1.1,1.1,1,1,1,1,1,1,1,1,1,1,1,1,1,1,1,1,0,0,0,0,0,0,0,System.Byte[],1.1,1,1,1,1,1,System.Byte[]
2701,[Unique] Fire +1,1.17,1.17,1.17,1.17,1.1,1,1,1.07,1.07,1.07,1.07,1,1,1,1,1,1,1,1,1,0,0,0,0,0,0,1,System.Byte[],1.17,1,1.07,1,1,1,System.Byte[]
2702,[Unique] Fire +2,1.24,1.24,1.24,1.24,1.2,1,1,1.14,1.14,1.14,1.14,1,1,1,1,1,1,1,1,1,0,0,0,0,0,0,2,System.Byte[],1.24,1,1.14,1,1.2,1,System.Byte[]
2703,[Unique] Fire +3,1.31,1.31,1.31,1.31,1.3,1,1,1.21,1.21,1.21,1.21,1,1,1,1,1,1,1,1,1,0,0,0,0,0,0,3,System.Byte[],1.31,1,1.21,1,1.4,1,System.Byte[]
2704,[Unique] Fire +4,1.38,1.38,1.38,1.38,1.4,1,1,1.29,1.29,1.29,1.29,1,1,1,1,1,1,1,1,1,0,0,0,0,0,0,4,System.Byte[],1.38,1,1.29,1,1.6,1,System.Byte[]
2705,[Unique] Fire +5,1.45,1.45,1.45,1.45,1.5,1,1,1.31,1.31,1.31,1.31,1,1,1,1,1,1,1,1,1,0,0,0,0,0,0,5,System.Byte[],1.45,1,1.31,1,1.8,1,System.Byte[]
2706,[Unique] Fire +6,1.52,1.52,1.52,1.52,1.6,1,1,1.33,1.33,1.33,1.33,1,1,1,1,1,1,1,1,1,0,0,0,0,0,0,6,System.Byte[],1.52,1,1.33,1,2,1,System.Byte[]
2707,[Unique] Fire +7,1.59,1.59,1.59,1.59,1.7,1,1,1.35,1.35,1.35,1.35,1,1,1,1,1,1,1,1,1,0,0,0,0,0,0,7,System.Byte[],1.59,1,1.35,1,2.2,1,System.Byte[]
2708,[Unique] Fire +8,1.66,1.66,1.66,1.66,1.8,1,1,1.37,1.37,1.37,1.37,1,1,1,1,1,1,1,1,1,0,0,0,0,0,0,8,System.Byte[],1.66,1,1.37,1,2.4,1,System.Byte[]
2709,[Unique] Fire +9,1.73,1.73,1.73,1.73,1.9,1,1,1.39,1.39,1.39,1.39,1,1,1,1,1,1,1,1,1,0,0,0,0,0,0,9,System.Byte[],1.73,1,1.39,1,2.6,1,System.Byte[]
2710,[Unique] Fire +10,1.8,1.8,1.8,1.8,2,1,1,1.4,1.4,1.4,1.4,1,1,1,1,1,1,1,1,1,0,0,0,0,0,0,10,System.Byte[],1.8,1,1.4,1,3,1,System.Byte[]
2800,[Unique] Lightning +0,1,1,1,1,1,1,1,1,1,1,1,1,1,1,1,1,1,1,1,1,0,0,0,0,0,0,0,System.Byte[],1,1,1,1,1,1,System.Byte[]
2801,[Unique] Lightning +1,1.08,1.08,1.08,1.08,1.1,1,1,1.07,1.07,1.07,1.07,1,1,1,1,1,1,1,1,1,0,0,0,0,0,0,1,System.Byte[],1.08,1,1.07,1,1,1,System.Byte[]
2802,[Unique] Lightning +2,1.16,1.16,1.16,1.16,1.2,1,1,1.14,1.14,1.14,1.14,1,1,1,1,1,1,1,1,1,0,0,0,0,0,0,2,System.Byte[],1.16,1,1.14,1,1.2,1,System.Byte[]
2803,[Unique] Lightning +3,1.24,1.24,1.24,1.24,1.3,1,1,1.21,1.21,1.21,1.21,1,1,1,1,1,1,1,1,1,0,0,0,0,0,0,3,System.Byte[],1.24,1,1.21,1,1.4,1,System.Byte[]
2804,[Unique] Lightning +4,1.32,1.32,1.32,1.32,1.4,1,1,1.29,1.29,1.29,1.29,1,1,1,1,1,1,1,1,1,0,0,0,0,0,0,4,System.Byte[],1.32,1,1.29,1,1.6,1,System.Byte[]
2805,[Unique] Lightning +5,1.4,1.4,1.4,1.4,1.5,1,1,1.31,1.31,1.31,1.31,1,1,1,1,1,1,1,1,1,0,0,0,0,0,0,5,System.Byte[],1.4,1,1.31,1,1.8,1,System.Byte[]
2806,[Unique] Lightning +6,1.48,1.48,1.48,1.48,1.6,1,1,1.33,1.33,1.33,1.33,1,1,1,1,1,1,1,1,1,0,0,0,0,0,0,6,System.Byte[],1.48,1,1.33,1,2,1,System.Byte[]
2807,[Unique] Lightning +7,1.56,1.56,1.56,1.56,1.7,1,1,1.35,1.35,1.35,1.35,1,1,1,1,1,1,1,1,1,0,0,0,0,0,0,7,System.Byte[],1.56,1,1.35,1,2.2,1,System.Byte[]
2808,[Unique] Lightning +8,1.64,1.64,1.64,1.64,1.8,1,1,1.37,1.37,1.37,1.37,1,1,1,1,1,1,1,1,1,0,0,0,0,0,0,8,System.Byte[],1.64,1,1.37,1,2.4,1,System.Byte[]
2809,[Unique] Lightning +9,1.72,1.72,1.72,1.72,1.9,1,1,1.39,1.39,1.39,1.39,1,1,1,1,1,1,1,1,1,0,0,0,0,0,0,9,System.Byte[],1.72,1,1.39,1,2.6,1,System.Byte[]
2810,[Unique] Lightning +10,1.8,1.8,1.8,1.8,2,1,1,1.4,1.4,1.4,1.4,1,1,1,1,1,1,1,1,1,0,0,0,0,0,0,10,System.Byte[],1.8,1,1.4,1,3,1,System.Byte[]
3000,[Unique] Lucky +0,1,1,1,1,1,1,1,1,1,1,1,1,1,1,1,1,1,1,1,1,0,0,0,0,0,0,0,System.Byte[],1,1,1,1,1,1,System.Byte[]
3100,[Unique] Enchanted +0,1,1,1,1,1,1,1,0,0,0,0,1,1,1,1,1,1,1,1,1,0,0,0,0,0,0,0,System.Byte[],1,1,0,1,1,1,System.Byte[]
3101,[Unique] Enchanted +1,1.25,1.25,1.25,1.25,1.1,1,1,0,0,0,0,1,1,1,1,1,1,1,1,1.02,0,0,0,0,0,0,1,System.Byte[],1.25,1,0,1,1,1,System.Byte[]
3102,[Unique] Enchanted +2,1.5,1.5,1.5,1.5,1.2,1,1,0,0,0,0,1,1,1,1,1,1,1,1,1.04,0,0,0,0,0,0,2,System.Byte[],1.5,1,0,1,1.2,1,System.Byte[]
3103,[Unique] Enchanted +3,1.75,1.75,1.75,1.75,1.3,1,1,0,0,0,0,1,1,1,1,1,1,1,1,1.06,0,0,0,0,0,0,3,System.Byte[],1.75,1,0,1,1.4,1,System.Byte[]
3104,[Unique] Enchanted +4,2,2,2,2,1.4,1,1,0,0,0,0,1,1,1,1,1,1,1,1,1.08,0,0,0,0,0,0,4,System.Byte[],2,1,0,1,1.6,1,System.Byte[]
3105,[Unique] Enchanted +5,2.25,2.25,2.25,2.25,1.5,1,1,0,0,0,0,1,1,1,1,1,1,1,1,1.1,0,0,0,0,0,0,5,System.Byte[],2.25,1,0,1,1.8,1,System.Byte[]
3106,[Unique] Enchanted +6,2.5,2.5,2.5,2.5,1.6,1,1,0,0,0,0,1,1,1,1,1,1,1,1,1.12,0,0,0,0,0,0,6,System.Byte[],2.5,1,0,1,2,1,System.Byte[]
3107,[Unique] Enchanted +7,2.75,2.75,2.75,2.75,1.7,1,1,0,0,0,0,1,1,1,1,1,1,1,1,1.14,0,0,0,0,0,0,7,System.Byte[],2.75,1,0,1,2.2,1,System.Byte[]
3108,[Unique] Enchanted +8,3,3,3,3,1.8,1,1,0,0,0,0,1,1,1,1,1,1,1,1,1.16,0,0,0,0,0,0,8,System.Byte[],3,1,0,1,2.4,1,System.Byte[]
3109,[Unique] Enchanted +9,3.25,3.25,3.25,3.25,1.9,1,1,0,0,0,0,1,1,1,1,1,1,1,1,1.18,0,0,0,0,0,0,9,System.Byte[],3.25,1,0,1,2.6,1,System.Byte[]
3110,[Unique] Enchanted +10,3.5,3.5,3.5,3.5,2,1,1,0,0,0,0,1,1,1,1,1,1,1,1,1.2,0,0,0,0,0,0,10,System.Byte[],3.5,1,0,1,3,1,System.Byte[]
3200,[Unique] Holy +0,1,1,1,1,1,1,1,0,0,0,0,1,1,1,1,1,1,1,1,1,0,0,0,0,0,0,0,System.Byte[],1,1,0,1,1,1,System.Byte[]
3201,[Unique] Holy +1,1.1,1.1,1.1,1.1,1.1,1,1,0,0,0,0,1,1,1,1,1,1,1,1,1.02,0,0,0,0,0,0,1,System.Byte[],1.1,1,0,1,1,1,System.Byte[]
3202,[Unique] Holy +2,1.2,1.2,1.2,1.2,1.2,1,1,0,0,0,0,1,1,1,1,1,1,1,1,1.04,0,0,0,0,0,0,2,System.Byte[],1.2,1,0,1,1.2,1,System.Byte[]
3203,[Unique] Holy +3,1.3,1.3,1.3,1.3,1.3,1,1,0,0,0,0,1,1,1,1,1,1,1,1,1.06,0,0,0,0,0,0,3,System.Byte[],1.3,1,0,1,1.4,1,System.Byte[]
3204,[Unique] Holy +4,1.4,1.4,1.4,1.4,1.4,1,1,0,0,0,0,1,1,1,1,1,1,1,1,1.08,0,0,0,0,0,0,4,System.Byte[],1.4,1,0,1,1.6,1,System.Byte[]
3205,[Unique] Holy +5,1.5,1.5,1.5,1.5,1.5,1,1,0,0,0,0,1,1,1,1,1,1,1,1,1.1,0,0,0,0,0,0,5,System.Byte[],1.5,1,0,1,1.8,1,System.Byte[]
3206,[Unique] Holy +6,1.6,1.6,1.6,1.6,1.6,1,1,0,0,0,0,1,1,1,1,1,1,1,1,1.12,0,0,0,0,0,0,6,System.Byte[],1.6,1,0,1,2,1,System.Byte[]
3207,[Unique] Holy +7,1.7,1.7,1.7,1.7,1.7,1,1,0,0,0,0,1,1,1,1,1,1,1,1,1.14,0,0,0,0,0,0,7,System.Byte[],1.7,1,0,1,2.2,1,System.Byte[]
3208,[Unique] Holy +8,1.8,1.8,1.8,1.8,1.8,1,1,0,0,0,0,1,1,1,1,1,1,1,1,1.16,0,0,0,0,0,0,8,System.Byte[],1.8,1,0,1,2.4,1,System.Byte[]
3209,[Unique] Holy +9,1.9,1.9,1.9,1.9,1.9,1,1,0,0,0,0,1,1,1,1,1,1,1,1,1.18,0,0,0,0,0,0,9,System.Byte[],1.9,1,0,1,2.6,1,System.Byte[]
3210,[Unique] Holy +10,2,2,2,2,2,1,1,0,0,0,0,1,1,1,1,1,1,1,1,1.2,0,0,0,0,0,0,10,System.Byte[],2,1,0,1,3,1,System.Byte[]
3300,[Unique] Sharp +0,1.1,1.1,1.1,1.1,1,1,1,1,1,1,1,1,1,1,1,1,1,1,1,1,0,0,0,0,0,0,0,System.Byte[],1.1,1,1,1,1,1,System.Byte[]
3301,[Unique] Sharp +1,1.48,1.48,1.48,1.48,1.2,1,1,1.08,1.08,1.08,1.08,1,1,1,1,1,1,1,1,1,0,0,0,0,0,0,1,System.Byte[],1.48,1,1.08,1,1,1,System.Byte[]
3302,[Unique] Sharp +2,1.86,1.86,1.86,1.86,1.4,1,1,1.16,1.16,1.16,1.16,1,1,1,1,1,1,1,1,1,0,0,0,0,0,0,2,System.Byte[],1.86,1,1.16,1,1.6,1,System.Byte[]
3303,[Unique] Sharp +3,2.24,2.24,2.24,2.24,1.6,1,1,1.24,1.24,1.24,1.24,1,1,1,1,1,1,1,1,1,0,0,0,0,0,0,3,System.Byte[],2.24,1,1.24,1,2.2,1,System.Byte[]
3304,[Unique] Sharp +4,2.62,2.62,2.62,2.62,1.8,1,1,1.32,1.32,1.32,1.32,1,1,1,1,1,1,1,1,1,0,0,0,0,0,0,4,System.Byte[],2.62,1,1.32,1,2.8,1,System.Byte[]
3305,[Unique] Sharp +5,3,3,3,3,2,1,1,1.4,1.4,1.4,1.4,1,1,1,1,1,1,1,1,1,0,0,0,0,0,0,5,System.Byte[],3,1,1.4,1,4,1,System.Byte[]
4000,,0.95,1,1,1,1,1,1,1.5,0,1,1,1,1,1,1,1,1,1,1,1,0,0,0,0,0,0,0,System.Byte[],1,1,1,1,1.5,1,System.Byte[]
4001,,1.04,1.1,1.1,1.1,1.1,1,1,1.59,0,1,1,1,1,1,1,1,1,1,1,1.01,0,0,0,0,0,0,1,System.Byte[],1.1,1,1,1,1.5,1,System.Byte[]
4002,,1.13,1.2,1.2,1.2,1.2,1,1,1.68,0,1,1,1,1,1,1,1,1,1,1,1.02,0,0,0,0,0,0,2,System.Byte[],1.2,1,1,1,1.75,1,System.Byte[]
4003,,1.22,1.3,1.3,1.3,1.3,1,1,1.77,0,1,1,1,1,1,1,1,1,1,1,1.03,0,0,0,0,0,0,3,System.Byte[],1.3,1,1,1,2,1,System.Byte[]
4004,,1.31,1.4,1.4,1.4,1.4,1,1,1.86,0,1,1,1,1,1,1,1,1,1,1,1.04,0,0,0,0,0,0,4,System.Byte[],1.4,1,1,1,2.25,1,System.Byte[]
4005,,1.4,1.5,1.5,1.5,1.5,1,1,1.88,0,1,1,1,1,1,1,1,1,1,1,1.05,0,0,0,0,0,0,5,System.Byte[],1.5,1,1,1,2.5,1,System.Byte[]
4006,,1.49,1.6,1.6,1.6,1.6,1,1,1.9,0,1,1,1,1,1,1,1,1,1,1,1.06,0,0,0,0,0,0,6,System.Byte[],1.6,1,1,1,2.75,1,System.Byte[]
4007,,1.58,1.7,1.7,1.7,1.7,1,1,1.92,0,1,1,1,1,1,1,1,1,1,1,1.07,0,0,0,0,0,0,7,System.Byte[],1.7,1,1,1,3,1,System.Byte[]
4008,,1.67,1.8,1.8,1.8,1.8,1,1,1.94,0,1,1,1,1,1,1,1,1,1,1,1.08,0,0,0,0,0,0,8,System.Byte[],1.8,1,1,1,3.25,1,System.Byte[]
4009,,1.76,1.9,1.9,1.9,1.9,1,1,1.96,0,1,1,1,1,1,1,1,1,1,1,1.09,0,0,0,0,0,0,9,System.Byte[],1.9,1,1,1,3.5,1,System.Byte[]
4010,,1.85,2,2,2,2,1,1,2,0,1,1,1,1,1,1,1,1,1,1,1.1,0,0,0,0,0,0,10,System.Byte[],2,1,1,1,4,1,System.Byte[]
4100,,0.95,1,1,1,1,1,1,1.1,1.1,1,1,1,1,1,1,1,1,1,1,1,0,0,0,0,0,0,0,System.Byte[],1,1,1,1,1.5,1,System.Byte[]
4101,,1.04,1.1,1.1,1.1,1.1,1,1,1.13,1.13,1,1,1,1,1,1,1,1,1,1,1.01,0,0,0,0,0,0,1,System.Byte[],1.1,1,1,1,1.5,1,System.Byte[]
4102,,1.13,1.2,1.2,1.2,1.2,1,1,1.16,1.16,1,1,1,1,1,1,1,1,1,1,1.02,0,0,0,0,0,0,2,System.Byte[],1.2,1,1,1,1.75,1,System.Byte[]
4103,,1.22,1.3,1.3,1.3,1.3,1,1,1.19,1.19,1,1,1,1,1,1,1,1,1,1,1.03,0,0,0,0,0,0,3,System.Byte[],1.3,1,1,1,2,1,System.Byte[]
4104,,1.31,1.4,1.4,1.4,1.4,1,1,1.21,1.21,1,1,1,1,1,1,1,1,1,1,1.04,0,0,0,0,0,0,4,System.Byte[],1.4,1,1,1,2.25,1,System.Byte[]
4105,,1.4,1.5,1.5,1.5,1.5,1,1,1.22,1.22,1,1,1,1,1,1,1,1,1,1,1.05,0,0,0,0,0,0,5,System.Byte[],1.5,1,1,1,2.5,1,System.Byte[]
4106,,1.49,1.6,1.6,1.6,1.6,1,1,1.23,1.23,1,1,1,1,1,1,1,1,1,1,1.06,0,0,0,0,0,0,6,System.Byte[],1.6,1,1,1,2.75,1,System.Byte[]
4107,,1.58,1.7,1.7,1.7,1.7,1,1,1.24,1.24,1,1,1,1,1,1,1,1,1,1,1.07,0,0,0,0,0,0,7,System.Byte[],1.7,1,1,1,3,1,System.Byte[]
4108,,1.67,1.8,1.8,1.8,1.8,1,1,1.25,1.25,1,1,1,1,1,1,1,1,1,1,1.08,0,0,0,0,0,0,8,System.Byte[],1.8,1,1,1,3.25,1,System.Byte[]
4109,,1.76,1.9,1.9,1.9,1.9,1,1,1.26,1.26,1,1,1,1,1,1,1,1,1,1,1.09,0,0,0,0,0,0,9,System.Byte[],1.9,1,1,1,3.5,1,System.Byte[]
4110,,1.85,2,2,2,2,1,1,1.25,1.25,1,1,1,1,1,1,1,1,1,1,1.1,0,0,0,0,0,0,10,System.Byte[],2,1,1,1,4,1,System.Byte[]
4500,,1.1,1.1,1.1,1.1,1,1,1,1,1,1,1,1,1,1,1,1,1,1,1,1,0,0,0,0,0,0,0,System.Byte[],1.1,1,1,1,1,1,System.Byte[]
4501,,1.28,1.28,1.28,1.28,1.2,1,1,1.08,1.08,1.08,1.08,1,1,1,1,1,1,1,1,1,0,0,0,0,0,0,1,System.Byte[],1.28,1,1.08,1,1,1,System.Byte[]
4502,,1.46,1.46,1.46,1.46,1.4,1,1,1.16,1.16,1.16,1.16,1,1,1,1,1,1,1,1,1,0,0,0,0,0,0,2,System.Byte[],1.46,1,1.16,1,1.6,1,System.Byte[]
4503,,1.64,1.64,1.64,1.64,1.6,1,1,1.24,1.24,1.24,1.24,1,1,1,1,1,1,1,1,1,0,0,0,0,0,0,3,System.Byte[],1.64,1,1.24,1,2.2,1,System.Byte[]
4504,,1.82,1.82,1.82,1.82,1.8,1,1,1.32,1.32,1.32,1.32,1,1,1,1,1,1,1,1,1,0,0,0,0,0,0,4,System.Byte[],1.82,1,1.32,1,2.8,1,System.Byte[]
4505,,2,2,2,2,2,1,1,1.4,1.4,1.4,1.4,1,1,1,1,1,1,1,1,1,0,0,0,0,0,0,5,System.Byte[],2,1,1.4,1,4,1,System.Byte[]
4600,,1.15,1.15,1.15,1.15,1,1,1,1,1,1,1,1,1,1,1,1,1,1,1,1,0,0,0,0,0,0,0,System.Byte[],1.15,1,1,1,1,1,System.Byte[]
4601,,1.28,1.28,1.28,1.28,1.2,1,1,1.08,1.08,1.08,1.08,1,1,1,1,1,1,1,1,1,0,0,0,0,0,0,1,System.Byte[],1.28,1,1.08,1,1,1,System.Byte[]
4602,,1.37,1.37,1.37,1.37,1.4,1,1,1.16,1.16,1.16,1.16,1,1,1,1,1,1,1,1,1,0,0,0,0,0,0,2,System.Byte[],1.37,1,1.16,1,1.4,1,System.Byte[]
4603,,1.6,1.6,1.6,1.6,1.6,1,1,1.24,1.24,1.24,1.24,1,1,1,1,1,1,1,1,1,0,0,0,0,0,0,3,System.Byte[],1.6,1,1.24,1,1.8,1,System.Byte[]
4604,,1.8,1.8,1.8,1.8,1.8,1,1,1.32,1.32,1.32,1.32,1,1,1,1,1,1,1,1,1,0,0,0,0,0,0,4,System.Byte[],1.8,1,1.32,1,2.2,1,System.Byte[]
4605,,2,2,2,2,2,1,1,1.4,1.4,1.4,1.4,1,1,1,1,1,1,1,1,1,0,0,0,0,0,0,5,System.Byte[],2,1,1.4,1,3,1,System.Byte[]
5000,Shield usually -- 【盾】通常,0.95,1,1,1,1,1,1,0.95,1.6,1,1,1,1,1,1,1,1,1,1,1,0,0,0,0,0,0,0,System.Byte[],1,1,1,1,1.5,1,System.Byte[]
5001,Shield: Normal + 1 -- 【盾】通常＋1,1.04,1.1,1.1,1.1,1.1,1,1,0.98,1.73,1.07,1.07,1,1,1,1,1,1,1,1,1.01,0,0,0,0,0,0,1,System.Byte[],1.1,1,1,1,1.5,1,System.Byte[]
5002,Shield: Normal + 2 -- 【盾】通常＋2,1.13,1.2,1.2,1.2,1.2,1,1,1.01,1.86,1.14,1.14,1,1,1,1,1,1,1,1,1.02,0,0,0,0,0,0,2,System.Byte[],1.2,1,1,1,1.75,1,System.Byte[]
5003,Shield: Normal + 3 -- 【盾】通常＋3,1.22,1.3,1.3,1.3,1.3,1,1,1.04,1.99,1.21,1.21,1,1,1,1,1,1,1,1,1.03,0,0,0,0,0,0,3,System.Byte[],1.3,1,1,1,2,1,System.Byte[]
5004,Shield: Normal + 4 -- 【盾】通常＋4,1.31,1.4,1.4,1.4,1.4,1,1,1.06,2.11,1.29,1.29,1,1,1,1,1,1,1,1,1.04,0,0,0,0,0,0,4,System.Byte[],1.4,1,1,1,2.25,1,System.Byte[]
5005,Shield: Normal + 5 -- 【盾】通常＋5,1.4,1.5,1.5,1.5,1.5,1,1,1.07,2.14,1.31,1.31,1,1,1,1,1,1,1,1,1.05,0,0,0,0,0,0,5,System.Byte[],1.5,1,1,1,2.5,1,System.Byte[]
5006,Shield: usually + 6 -- 【盾】通常＋6,1.49,1.6,1.6,1.6,1.6,1,1,1.08,2.17,1.33,1.33,1,1,1,1,1,1,1,1,1.06,0,0,0,0,0,0,6,System.Byte[],1.6,1,1,1,2.75,1,System.Byte[]
5007,Shield: usually + 7 -- 【盾】通常＋7,1.58,1.7,1.7,1.7,1.7,1,1,1.09,2.2,1.35,1.35,1,1,1,1,1,1,1,1,1.07,0,0,0,0,0,0,7,System.Byte[],1.7,1,1,1,3,1,System.Byte[]
5008,Shield: usually + 8 -- 【盾】通常＋8,1.67,1.8,1.8,1.8,1.8,1,1,1.1,2.23,1.37,1.37,1,1,1,1,1,1,1,1,1.08,0,0,0,0,0,0,8,System.Byte[],1.8,1,1,1,3.25,1,System.Byte[]
5009,Shield: Normal + 9 -- 【盾】通常＋9,1.76,1.9,1.9,1.9,1.9,1,1,1.11,2.26,1.39,1.39,1,1,1,1,1,1,1,1,1.09,0,0,0,0,0,0,9,System.Byte[],1.9,1,1,1,3.5,1,System.Byte[]
5010,Shield: Normal + 10 -- 【盾】通常＋10,1.85,2,2,2,2,1,1,1.1,2.31,1.4,1.4,1,1,1,1,1,1,1,1,1.1,0,0,0,0,0,0,10,System.Byte[],2,1,1,1,4,1,System.Byte[]
6000,[Hybrid] Stock +0,0.95,1,1,1,1,1,1,1.5,0,1,1,1,1,1,1,1,1,1,1,1,0,0,0,0,0,0,0,System.Byte[],1,1,1,1,1.5,1,System.Byte[]
6001,[Hybrid] Stock +1,1.04,1.1,1.1,1.1,1.1,1,1,1.59,0,1,1,1,1,1,1,1,1,1,1,1.01,0,0,0,0,0,0,1,System.Byte[],1.1,1,1,1,1.5,1,System.Byte[]
6002,[Hybrid] Stock +2,1.13,1.2,1.2,1.2,1.2,1,1,1.68,0,1,1,1,1,1,1,1,1,1,1,1.02,0,0,0,0,0,0,2,System.Byte[],1.2,1,1,1,1.75,1,System.Byte[]
6003,[Hybrid] Stock +3,1.22,1.3,1.3,1.3,1.3,1,1,1.77,0,1,1,1,1,1,1,1,1,1,1,1.03,0,0,0,0,0,0,3,System.Byte[],1.3,1,1,1,2,1,System.Byte[]
6004,[Hybrid] Stock +4,1.31,1.4,1.4,1.4,1.4,1,1,1.86,0,1,1,1,1,1,1,1,1,1,1,1.04,0,0,0,0,0,0,4,System.Byte[],1.4,1,1,1,2.25,1,System.Byte[]
6005,[Hybrid] Stock +5,1.4,1.5,1.5,1.5,1.5,1,1,1.9,0,1,1,1,1,1,1,1,1,1,1,1.05,0,0,0,0,0,0,5,System.Byte[],1.5,1,1,1,2.5,1,System.Byte[]
6006,[Hybrid] Stock +6,1.49,1.6,1.6,1.6,1.6,1,1,1.94,0,1,1,1,1,1,1,1,1,1,1,1.06,0,0,0,0,0,0,6,System.Byte[],1.6,1,1,1,2.75,1,System.Byte[]
6007,[Hybrid] Stock +7,1.58,1.7,1.7,1.7,1.7,1,1,1.98,0,1,1,1,1,1,1,1,1,1,1,1.07,0,0,0,0,0,0,7,System.Byte[],1.7,1,1,1,3,1,System.Byte[]
6008,[Hybrid] Stock +8,1.67,1.8,1.8,1.8,1.8,1,1,2.02,0,1,1,1,1,1,1,1,1,1,1,1.08,0,0,0,0,0,0,8,System.Byte[],1.8,1,1,1,3.25,1,System.Byte[]
6009,[Hybrid] Stock +9,1.76,1.9,1.9,1.9,1.9,1,1,2.06,0,1,1,1,1,1,1,1,1,1,1,1.09,0,0,0,0,0,0,9,System.Byte[],1.9,1,1,1,3.5,1,System.Byte[]
6010,[Hybrid] Stock +10,1.85,2,2,2,2,1,1,2.1,0,1,1,1,1,1,1,1,1,1,1,1.1,0,0,0,0,0,0,10,System.Byte[],2,1,1,1,4,1,System.Byte[]
6100,[Hybrid] Lethal +0,0.95,1,1,1,1,1,1,1.3,1.3,1,1,1,1,1,1,1,1,1,1,1,0,0,0,0,0,0,0,System.Byte[],1,1,1,1,1.5,1,System.Byte[]
6101,[Hybrid] Lethal +1,1.03,1.1,1.1,1.1,1.1,1,1,1.39,1.39,1,1,1,1,1,1,1,1,1,1,1.01,0,0,0,0,0,0,1,System.Byte[],1.1,1,1,1,1.5,1,System.Byte[]
6102,[Hybrid] Lethal +2,1.11,1.2,1.2,1.2,1.2,1,1,1.48,1.48,1,1,1,1,1,1,1,1,1,1,1.02,0,0,0,0,0,0,2,System.Byte[],1.2,1,1,1,1.75,1,System.Byte[]
6103,[Hybrid] Lethal +3,1.19,1.3,1.3,1.3,1.3,1,1,1.57,1.57,1,1,1,1,1,1,1,1,1,1,1.03,0,0,0,0,0,0,3,System.Byte[],1.3,1,1,1,2,1,System.Byte[]
6104,[Hybrid] Lethal +4,1.27,1.4,1.4,1.4,1.4,1,1,1.66,1.66,1,1,1,1,1,1,1,1,1,1,1.04,0,0,0,0,0,0,4,System.Byte[],1.4,1,1,1,2.25,1,System.Byte[]
6105,[Hybrid] Lethal +5,1.35,1.5,1.5,1.5,1.5,1,1,1.68,1.68,1,1,1,1,1,1,1,1,1,1,1.05,0,0,0,0,0,0,5,System.Byte[],1.5,1,1,1,2.5,1,System.Byte[]
6106,[Hybrid] Lethal +6,1.43,1.6,1.6,1.6,1.6,1,1,1.7,1.7,1,1,1,1,1,1,1,1,1,1,1.06,0,0,0,0,0,0,6,System.Byte[],1.6,1,1,1,2.75,1,System.Byte[]
6107,[Hybrid] Lethal +7,1.51,1.7,1.7,1.7,1.7,1,1,1.72,1.72,1,1,1,1,1,1,1,1,1,1,1.07,0,0,0,0,0,0,7,System.Byte[],1.7,1,1,1,3,1,System.Byte[]
6108,[Hybrid] Lethal +8,1.59,1.8,1.8,1.8,1.8,1,1,1.74,1.74,1,1,1,1,1,1,1,1,1,1,1.08,0,0,0,0,0,0,8,System.Byte[],1.8,1,1,1,3.25,1,System.Byte[]
6109,[Hybrid] Lethal +9,1.67,1.9,1.9,1.9,1.9,1,1,1.76,1.76,1,1,1,1,1,1,1,1,1,1,1.09,0,0,0,0,0,0,9,System.Byte[],1.9,1,1,1,3.5,1,System.Byte[]
6110,[Hybrid] Lethal +10,1.75,2,2,2,2,1,1,1.8,1.8,1,1,1,1,1,1,1,1,1,1,1.1,0,0,0,0,0,0,10,System.Byte[],2,1,1,1,4,1,System.Byte[]
6200,[Hybrid] Curse +0,0.95,1,1,1,1,1,1,1.5,0,1,1,1,1,1,1,1,1,1,1,1,0,0,0,0,0,0,0,System.Byte[],1,1,1,1,1.5,1,System.Byte[]
6201,[Hybrid] Curse +1,1.04,1.1,1.1,1.1,1.1,1,1,1.63,0,1,1,1,1,1,1,1,1,1,1,1.01,0,0,0,0,0,0,1,System.Byte[],1.1,1,1,1,1.5,1,System.Byte[]
6202,[Hybrid] Curse +2,1.13,1.2,1.2,1.2,1.2,1,1,1.76,0,1,1,1,1,1,1,1,1,1,1,1.02,0,0,0,0,0,0,2,System.Byte[],1.2,1,1,1,1.75,1,System.Byte[]
6203,[Hybrid] Curse +3,1.22,1.3,1.3,1.3,1.3,1,1,1.89,0,1,1,1,1,1,1,1,1,1,1,1.03,0,0,0,0,0,0,3,System.Byte[],1.3,1,1,1,2,1,System.Byte[]
6204,[Hybrid] Curse +4,1.31,1.4,1.4,1.4,1.4,1,1,2.03,0,1,1,1,1,1,1,1,1,1,1,1.04,0,0,0,0,0,0,4,System.Byte[],1.4,1,1,1,2.25,1,System.Byte[]
6205,[Hybrid] Curse +5,1.4,1.5,1.5,1.5,1.5,1,1,2.09,0,1,1,1,1,1,1,1,1,1,1,1.05,0,0,0,0,0,0,5,System.Byte[],1.5,1,1,1,2.5,1,System.Byte[]
6206,[Hybrid] Curse +6,1.49,1.6,1.6,1.6,1.6,1,1,2.15,0,1,1,1,1,1,1,1,1,1,1,1.06,0,0,0,0,0,0,6,System.Byte[],1.6,1,1,1,2.75,1,System.Byte[]
6207,[Hybrid] Curse +7,1.58,1.7,1.7,1.7,1.7,1,1,2.21,0,1,1,1,1,1,1,1,1,1,1,1.07,0,0,0,0,0,0,7,System.Byte[],1.7,1,1,1,3,1,System.Byte[]
6208,[Hybrid] Curse +8,1.67,1.8,1.8,1.8,1.8,1,1,2.27,0,1,1,1,1,1,1,1,1,1,1,1.08,0,0,0,0,0,0,8,System.Byte[],1.8,1,1,1,3.25,1,System.Byte[]
6209,[Hybrid] Curse +9,1.76,1.9,1.9,1.9,1.9,1,1,2.33,0,1,1,1,1,1,1,1,1,1,1,1.09,0,0,0,0,0,0,9,System.Byte[],1.9,1,1,1,3.5,1,System.Byte[]
6210,[Hybrid] Curse +10,1.85,2,2,2,2,1,1,2.4,0,1,1,1,1,1,1,1,1,1,1,1.1,0,0,0,0,0,0,10,System.Byte[],2,1,1,1,4,1,System.Byte[]
6300,[Hybrid] Poison +0,0.95,1,1,1,1,1,1,0.95,1.5,1,1,1,1,1,1,1,1,1,1,1,0,0,0,0,0,0,0,System.Byte[],1,1,1,1,1.5,1,System.Byte[]
6301,[Hybrid] Poison +1,1.04,1.1,1.1,1.1,1.1,1,1,0.98,1.61,1.07,1.07,1,1,1,1,1,1,1,1,1.01,0,0,0,0,0,0,1,System.Byte[],1.1,1,1,1,1.5,1,System.Byte[]
6302,[Hybrid] Poison +2,1.13,1.2,1.2,1.2,1.2,1,1,1.01,1.72,1.14,1.14,1,1,1,1,1,1,1,1,1.02,0,0,0,0,0,0,2,System.Byte[],1.2,1,1,1,1.75,1,System.Byte[]
6303,[Hybrid] Poison +3,1.22,1.3,1.3,1.3,1.3,1,1,1.04,1.83,1.21,1.21,1,1,1,1,1,1,1,1,1.03,0,0,0,0,0,0,3,System.Byte[],1.3,1,1,1,2,1,System.Byte[]
6304,[Hybrid] Poison +4,1.31,1.4,1.4,1.4,1.4,1,1,1.06,1.93,1.29,1.29,1,1,1,1,1,1,1,1,1.04,0,0,0,0,0,0,4,System.Byte[],1.4,1,1,1,2.25,1,System.Byte[]
6305,[Hybrid] Poison +5,1.4,1.5,1.5,1.5,1.5,1,1,1.07,1.96,1.31,1.31,1,1,1,1,1,1,1,1,1.05,0,0,0,0,0,0,5,System.Byte[],1.5,1,1,1,2.5,1,System.Byte[]
6306,[Hybrid] Poison +6,1.49,1.6,1.6,1.6,1.6,1,1,1.08,1.99,1.33,1.33,1,1,1,1,1,1,1,1,1.06,0,0,0,0,0,0,6,System.Byte[],1.6,1,1,1,2.75,1,System.Byte[]
6307,[Hybrid] Poison +7,1.58,1.7,1.7,1.7,1.7,1,1,1.09,2.02,1.35,1.35,1,1,1,1,1,1,1,1,1.07,0,0,0,0,0,0,7,System.Byte[],1.7,1,1,1,3,1,System.Byte[]
6308,[Hybrid] Poison +8,1.67,1.8,1.8,1.8,1.8,1,1,1.1,2.05,1.37,1.37,1,1,1,1,1,1,1,1,1.08,0,0,0,0,0,0,8,System.Byte[],1.8,1,1,1,3.25,1,System.Byte[]
6309,[Hybrid] Poison +9,1.76,1.9,1.9,1.9,1.9,1,1,1.11,2.08,1.39,1.39,1,1,1,1,1,1,1,1,1.09,0,0,0,0,0,0,9,System.Byte[],1.9,1,1,1,3.5,1,System.Byte[]
6310,[Hybrid] Poison +10,1.85,2,2,2,2,1,1,1.1,2.1,1.4,1.4,1,1,1,1,1,1,1,1,1.1,0,0,0,0,0,0,10,System.Byte[],2,1,1,1,4,1,System.Byte[]
7000,[Hybrid] Lucky +0,0.98,1,1,1,1,1,1,1.6,0,1,1,1,1,1,1,1,1,1,1,1,0,0,0,0,0,0,0,System.Byte[],1,1,1,1,1.5,1,System.Byte[]
7001,[Hybrid] Lucky +1,1.067,1.1,1.1,1.1,1.1,1,1,1.66,0,1.05,1.05,1,1,1,1,1,1,1,1,1.01,0,0,0,0,0,0,1,System.Byte[],1.1,1,1,1,1.5,1,System.Byte[]
7002,[Hybrid] Lucky +2,1.154,1.2,1.2,1.2,1.2,1,1,1.72,0,1.1,1.1,1,1,1,1,1,1,1,1,1.02,0,0,0,0,0,0,2,System.Byte[],1.2,1,1,1,1.75,1,System.Byte[]
7003,[Hybrid] Lucky +3,1.241,1.3,1.3,1.3,1.3,1,1,1.78,0,1.15,1.15,1,1,1,1,1,1,1,1,1.03,0,0,0,0,0,0,3,System.Byte[],1.3,1,1,1,2,1,System.Byte[]
7004,[Hybrid] Lucky +4,1.328,1.4,1.4,1.4,1.4,1,1,1.85,0,1.2,1.2,1,1,1,1,1,1,1,1,1.04,0,0,0,0,0,0,4,System.Byte[],1.4,1,1,1,2.25,1,System.Byte[]
7005,[Hybrid] Lucky +5,1.415,1.5,1.5,1.5,1.5,1,1,1.89,0,1.23,1.23,1,1,1,1,1,1,1,1,1.05,0,0,0,0,0,0,5,System.Byte[],1.5,1,1,1,2.5,1,System.Byte[]
7006,[Hybrid] Lucky +6,1.502,1.6,1.6,1.6,1.6,1,1,1.93,0,1.26,1.26,1,1,1,1,1,1,1,1,1.06,0,0,0,0,0,0,6,System.Byte[],1.6,1,1,1,2.75,1,System.Byte[]
7007,[Hybrid] Lucky +7,1.589,1.7,1.7,1.7,1.7,1,1,1.97,0,1.29,1.29,1,1,1,1,1,1,1,1,1.07,0,0,0,0,0,0,7,System.Byte[],1.7,1,1,1,3,1,System.Byte[]
7008,[Hybrid] Lucky +8,1.676,1.8,1.8,1.8,1.8,1,1,2.01,0,1.32,1.32,1,1,1,1,1,1,1,1,1.08,0,0,0,0,0,0,8,System.Byte[],1.8,1,1,1,3.25,1,System.Byte[]
7009,[Hybrid] Lucky +9,1.763,1.9,1.9,1.9,1.9,1,1,2.05,0,1.35,1.35,1,1,1,1,1,1,1,1,1.09,0,0,0,0,0,0,9,System.Byte[],1.9,1,1,1,3.5,1,System.Byte[]
7010,[Hybrid] Lucky +10,1.85,2,2,2,2,1,1,2.1,0,1.4,1.4,1,1,1,1,1,1,1,1,1.1,0,0,0,0,0,0,10,System.Byte[],2,1,1,1,4,1,System.Byte[]
8000,[Shield] Normal +0,1,1,1,1,1,1,1,1,1,1,1,1,1,1,1,1,1,1,1,1,0,0,0,0,0,0,0,System.Byte[],1,1,1,1,1,1,System.Byte[]
8001,[Shield] Normal +1,1.1,1.1,1.1,1.1,1.1,1,1,1.05,1.05,1.05,1.05,1,1,1,1,1,1,1,1,1.032,0,0,0,0,0,0,1,System.Byte[],1.1,1,1.05,1,1,1,System.Byte[]
8002,[Shield] Normal +2,1.2,1.2,1.2,1.2,1.2,1,1,1.1,1.1,1.1,1.1,1,1,1,1,1,1,1,1,1.064,0,0,0,0,0,0,2,System.Byte[],1.2,1,1.1,1,1.2,1,System.Byte[]
8003,[Shield] Normal +3,1.3,1.3,1.3,1.3,1.3,1,1,1.15,1.15,1.15,1.15,1,1,1,1,1,1,1,1,1.096,0,0,0,0,0,0,3,System.Byte[],1.3,1,1.15,1,1.4,1,System.Byte[]
8004,[Shield] Normal +4,1.4,1.4,1.4,1.4,1.4,1,1,1.2,1.2,1.2,1.2,1,1,1,1,1,1,1,1,1.128,0,0,0,0,0,0,4,System.Byte[],1.4,1,1.2,1,1.6,1,System.Byte[]
8005,[Shield] Normal +5,1.5,1.5,1.5,1.5,1.5,1,1,1.23,1.23,1.23,1.23,1,1,1,1,1,1,1,1,1.16,0,0,0,0,0,0,5,System.Byte[],1.5,1,1.23,1,1.8,1,System.Byte[]
8006,[Shield] Normal +6,1.6,1.6,1.6,1.6,1.6,1,1,1.26,1.26,1.26,1.26,1,1,1,1,1,1,1,1,1.192,0,0,0,0,0,0,6,System.Byte[],1.6,1,1.26,1,2,1,System.Byte[]
8007,[Shield] Normal +7,1.7,1.7,1.7,1.7,1.7,1,1,1.29,1.29,1.29,1.29,1,1,1,1,1,1,1,1,1.224,0,0,0,0,0,0,7,System.Byte[],1.7,1,1.29,1,2.2,1,System.Byte[]
8008,[Shield] Normal +8,1.8,1.8,1.8,1.8,1.8,1,1,1.32,1.32,1.32,1.32,1,1,1,1,1,1,1,1,1.256,0,0,0,0,0,0,8,System.Byte[],1.8,1,1.32,1,2.4,1,System.Byte[]
8009,[Shield] Normal +9,1.9,1.9,1.9,1.9,1.9,1,1,1.35,1.35,1.35,1.35,1,1,1,1,1,1,1,1,1.288,0,0,0,0,0,0,9,System.Byte[],1.9,1,1.35,1,2.6,1,System.Byte[]
8010,[Shield] Normal +10,2,2,2,2,2,1,1,1.4,1.4,1.4,1.4,1,1,1,1,1,1,1,1,1.32,0,0,0,0,0,0,10,System.Byte[],2,1,1.4,1,3,1,System.Byte[]
8100,[Shield] Infused +0,1,1,1,1,1,1,1,1,1,1,1,1,1,1,1,1,1,1,1,1,0,0,0,0,0,0,0,System.Byte[],1,1,1,1,1,1,System.Byte[]
8101,[Shield] Infused +1,1.1,1.1,1.1,1.1,1.1,1,1,1.05,1.05,1.05,1.05,1,1,1,1,1,1,1,1,1.03,0,0,0,0,0,0,1,System.Byte[],1.1,1,1.05,1,1,1,System.Byte[]
8102,[Shield] Infused +2,1.2,1.2,1.2,1.2,1.2,1,1,1.1,1.1,1.1,1.1,1,1,1,1,1,1,1,1,1.06,0,0,0,0,0,0,2,System.Byte[],1.2,1,1.1,1,1.2,1,System.Byte[]
8103,[Shield] Infused +3,1.3,1.3,1.3,1.3,1.3,1,1,1.15,1.15,1.15,1.15,1,1,1,1,1,1,1,1,1.09,0,0,0,0,0,0,3,System.Byte[],1.3,1,1.15,1,1.4,1,System.Byte[]
8104,[Shield] Infused +4,1.4,1.4,1.4,1.4,1.4,1,1,1.2,1.2,1.2,1.2,1,1,1,1,1,1,1,1,1.12,0,0,0,0,0,0,4,System.Byte[],1.4,1,1.2,1,1.6,1,System.Byte[]
8105,[Shield] Infused +5,1.5,1.5,1.5,1.5,1.5,1,1,1.23,1.23,1.23,1.23,1,1,1,1,1,1,1,1,1.14,0,0,0,0,0,0,5,System.Byte[],1.5,1,1.23,1,1.8,1,System.Byte[]
8106,[Shield] Infused +6,1.6,1.6,1.6,1.6,1.6,1,1,1.26,1.26,1.26,1.26,1,1,1,1,1,1,1,1,1.16,0,0,0,0,0,0,6,System.Byte[],1.6,1,1.26,1,2,1,System.Byte[]
8107,[Shield] Infused +7,1.7,1.7,1.7,1.7,1.7,1,1,1.29,1.29,1.29,1.29,1,1,1,1,1,1,1,1,1.18,0,0,0,0,0,0,7,System.Byte[],1.7,1,1.29,1,2.2,1,System.Byte[]
8108,[Shield] Infused +8,1.8,1.8,1.8,1.8,1.8,1,1,1.32,1.32,1.32,1.32,1,1,1,1,1,1,1,1,1.2,0,0,0,0,0,0,8,System.Byte[],1.8,1,1.32,1,2.4,1,System.Byte[]
8109,[Shield] Infused +9,1.9,1.9,1.9,1.9,1.9,1,1,1.35,1.35,1.35,1.35,1,1,1,1,1,1,1,1,1.22,0,0,0,0,0,0,9,System.Byte[],1.9,1,1.35,1,2.6,1,System.Byte[]
8110,[Shield] Infused +10,2,2,2,2,2,1,1,1.4,1.4,1.4,1.4,1,1,1,1,1,1,1,1,1.23,0,0,0,0,0,0,10,System.Byte[],2,1,1.4,1,3,1,System.Byte[]
8200,[Shield] Unique +0,1,1,1,1,1,1,1,1,1,1,1,1,1,1,1,1,1,1,1,1,0,0,0,0,0,0,0,System.Byte[],1,1,1,1,1,1,System.Byte[]
8201,[Shield] Unique +1,1.1,1.1,1.1,1.1,1.1,1,1,1.05,1.05,1.05,1.05,1,1,1,1,1,1,1,1,1.02,0,0,0,0,0,0,1,System.Byte[],1.1,1,1.05,1,1,1,System.Byte[]
8202,[Shield] Unique +2,1.2,1.2,1.2,1.2,1.2,1,1,1.1,1.1,1.1,1.1,1,1,1,1,1,1,1,1,1.04,0,0,0,0,0,0,2,System.Byte[],1.2,1,1.1,1,1.2,1,System.Byte[]
8203,[Shield] Unique +3,1.3,1.3,1.3,1.3,1.3,1,1,1.15,1.15,1.15,1.15,1,1,1,1,1,1,1,1,1.06,0,0,0,0,0,0,3,System.Byte[],1.3,1,1.15,1,1.4,1,System.Byte[]
8204,[Shield] Unique +4,1.4,1.4,1.4,1.4,1.4,1,1,1.2,1.2,1.2,1.2,1,1,1,1,1,1,1,1,1.06,0,0,0,0,0,0,4,System.Byte[],1.4,1,1.2,1,1.6,1,System.Byte[]
8205,[Shield] Unique +5,1.5,1.5,1.5,1.5,1.5,1,1,1.23,1.23,1.23,1.23,1,1,1,1,1,1,1,1,1.07,0,0,0,0,0,0,5,System.Byte[],1.5,1,1.23,1,1.8,1,System.Byte[]
8206,,1.6,1.6,1.6,1.6,1.6,1,1,1.26,1.26,1.26,1.26,1,1,1,1,1,1,1,1,1.08,0,0,0,0,0,0,6,System.Byte[],1.6,1,1.26,1,2,1,System.Byte[]
8207,,1.7,1.7,1.7,1.7,1.7,1,1,1.29,1.29,1.29,1.29,1,1,1,1,1,1,1,1,1.09,0,0,0,0,0,0,7,System.Byte[],1.7,1,1.29,1,2.2,1,System.Byte[]
8208,,1.8,1.8,1.8,1.8,1.8,1,1,1.32,1.32,1.32,1.32,1,1,1,1,1,1,1,1,1.1,0,0,0,0,0,0,8,System.Byte[],1.8,1,1.32,1,2.4,1,System.Byte[]
8209,,1.9,1.9,1.9,1.9,1.9,1,1,1.35,1.35,1.35,1.35,1,1,1,1,1,1,1,1,1.11,0,0,0,0,0,0,9,System.Byte[],1.9,1,1.35,1,2.6,1,System.Byte[]
8210,,2,2,2,2,2,1,1,1.4,1.4,1.4,1.4,1,1,1,1,1,1,1,1,1.12,0,0,0,0,0,0,10,System.Byte[],2,1,1.4,1,3,1,System.Byte[]
8300,[Shield] Unique - Infused +0,1.15,1.15,1.15,1.15,1,1,1,1,1,1,1,1,1,1,1,1,1,1,1,1,0,0,0,0,0,0,0,System.Byte[],1.15,1,1,1,1,1,System.Byte[]
8301,[Shield] Unique - Infused +1,1.28,1.28,1.28,1.28,1.2,1,1,1.08,1.08,1.08,1.08,1,1,1,1,1,1,1,1,1.02,0,0,0,0,0,0,1,System.Byte[],1.28,1,1.08,1,1,1,System.Byte[]
8302,[Shield] Unique - Infused +2,1.37,1.37,1.37,1.37,1.4,1,1,1.16,1.16,1.16,1.16,1,1,1,1,1,1,1,1,1.03,0,0,0,0,0,0,2,System.Byte[],1.37,1,1.16,1,1.4,1,System.Byte[]
8303,[Shield] Unique - Infused +3,1.6,1.6,1.6,1.6,1.6,1,1,1.24,1.24,1.24,1.24,1,1,1,1,1,1,1,1,1.04,0,0,0,0,0,0,3,System.Byte[],1.6,1,1.24,1,1.8,1,System.Byte[]
8304,[Shield] Unique - Infused +4,1.8,1.8,1.8,1.8,1.8,1,1,1.32,1.32,1.32,1.32,1,1,1,1,1,1,1,1,1.06,0,0,0,0,0,0,4,System.Byte[],1.8,1,1.32,1,2.2,1,System.Byte[]
8305,[Shield] Unique - Infused +5,2,2,2,2,2,1,1,1.4,1.4,1.4,1.4,1,1,1,1,1,1,1,1,1.07,0,0,0,0,0,0,5,System.Byte[],2,1,1.4,1,3,1,System.Byte[]
8400,[Shield] Boss +0,1.1,1.1,1.1,1.1,1,1,1,1,1,1,1,1,1,1,1,1,1,1,1,1,0,0,0,0,0,0,0,System.Byte[],1.1,1,1,1,1,1,System.Byte[]
8401,[Shield] Boss +1,1.28,1.28,1.28,1.28,1.2,1,1,1.08,1.08,1.08,1.08,1,1,1,1,1,1,1,1,1.02,0,0,0,0,0,0,1,System.Byte[],1.28,1,1.08,1,1,1,System.Byte[]
8402,[Shield] Boss +2,1.46,1.46,1.46,1.46,1.4,1,1,1.16,1.16,1.16,1.16,1,1,1,1,1,1,1,1,1.03,0,0,0,0,0,0,2,System.Byte[],1.46,1,1.16,1,1.6,1,System.Byte[]
8403,[Shield] Boss +3,1.64,1.64,1.64,1.64,1.6,1,1,1.24,1.24,1.24,1.24,1,1,1,1,1,1,1,1,1.04,0,0,0,0,0,0,3,System.Byte[],1.64,1,1.24,1,2.2,1,System.Byte[]
8404,[Shield] Boss +4,1.82,1.82,1.82,1.82,1.8,1,1,1.32,1.32,1.32,1.32,1,1,1,1,1,1,1,1,1.06,0,0,0,0,0,0,4,System.Byte[],1.82,1,1.32,1,2.8,1,System.Byte[]
8405,[Shield] Boss +5,2,2,2,2,2,1,1,1.4,1.4,1.4,1.4,1,1,1,1,1,1,1,1,1.07,0,0,0,0,0,0,5,System.Byte[],2,1,1.4,1,4,1,System.Byte[]
8500,[Shield] Boss - Infused +0,1.15,1.15,1.15,1.15,1,1,1,1,1,1,1,1,1,1,1,1,1,1,1,1,0,0,0,0,0,0,0,System.Byte[],1.15,1,1,1,1,1,System.Byte[]
8501,[Shield] Boss - Infused +1,1.28,1.28,1.28,1.28,1.2,1,1,1.08,1.08,1.08,1.08,1,1,1,1,1,1,1,1,1.03,0,0,0,0,0,0,1,System.Byte[],1.28,1,1.08,1,1,1,System.Byte[]
8502,[Shield] Boss - Infused +2,1.37,1.37,1.37,1.37,1.4,1,1,1.16,1.16,1.16,1.16,1,1,1,1,1,1,1,1,1.06,0,0,0,0,0,0,2,System.Byte[],1.37,1,1.16,1,1.4,1,System.Byte[]
8503,[Shield] Boss - Infused +3,1.6,1.6,1.6,1.6,1.6,1,1,1.24,1.24,1.24,1.24,1,1,1,1,1,1,1,1,1.09,0,0,0,0,0,0,3,System.Byte[],1.6,1,1.24,1,1.8,1,System.Byte[]
8504,[Shield] Boss - Infused +4,1.8,1.8,1.8,1.8,1.8,1,1,1.32,1.32,1.32,1.32,1,1,1,1,1,1,1,1,1.12,0,0,0,0,0,0,4,System.Byte[],1.8,1,1.32,1,2.2,1,System.Byte[]
8505,[Shield] Boss - Infused +5,2,2,2,2,2,1,1,1.4,1.4,1.4,1.4,1,1,1,1,1,1,1,1,1.15,0,0,0,0,0,0,5,System.Byte[],2,1,1.4,1,3,1,System.Byte[]
8600,[Shield] Dragon +0,1.1,1.1,1.1,1.1,1,1,1,1,1,1,1,1,1,1,1,1,1,1,1,1,0,0,0,0,0,0,0,System.Byte[],1.1,1,1,1,1,1,System.Byte[]
8601,[Shield] Dragon +1,1.28,1.28,1.28,1.28,1.2,1,1,1.08,1.08,1.08,1.08,1,1,1,1,1,1,1,1,1.01,0,0,0,0,0,0,1,System.Byte[],1.28,1,1.08,1,1,1,System.Byte[]
8602,[Shield] Dragon +2,1.46,1.46,1.46,1.46,1.4,1,1,1.16,1.16,1.16,1.16,1,1,1,1,1,1,1,1,1.02,0,0,0,0,0,0,2,System.Byte[],1.46,1,1.16,1,1.6,1,System.Byte[]
8603,[Shield] Dragon +3,1.64,1.64,1.64,1.64,1.6,1,1,1.24,1.24,1.24,1.24,1,1,1,1,1,1,1,1,1.03,0,0,0,0,0,0,3,System.Byte[],1.64,1,1.24,1,2.2,1,System.Byte[]
8604,[Shield] Dragon +4,1.82,1.82,1.82,1.82,1.8,1,1,1.32,1.32,1.32,1.32,1,1,1,1,1,1,1,1,1.04,0,0,0,0,0,0,4,System.Byte[],1.82,1,1.32,1,2.8,1,System.Byte[]
8605,[Shield] Dragon +5,2,2,2,2,2,1,1,1.4,1.4,1.4,1.4,1,1,1,1,1,1,1,1,1.06,0,0,0,0,0,0,5,System.Byte[],2,1,1.4,1,4,1,System.Byte[]
9000,Handmaid's Ladle +0,1,1,1,1,1,1,1,1,1,1,1,1,1,1,1,1,1,1,1,1,0,0,0,0,0,0,0,System.Byte[],1,1,1,1,1,1,System.Byte[]
9001,Handmaid's Ladle +1,1.1,1.1,1.1,1.1,1.1,1,1,1.05,1.05,1.05,1.05,1,1,1,1,1,1,1,1,1.01,0,0,0,0,0,0,1,System.Byte[],1.1,1,1.05,1,1,1,System.Byte[]
9002,Handmaid's Ladle +2,1.2,1.2,1.2,1.2,1.2,1,1,1.1,1.1,1.1,1.1,1,1,1,1,1,1,1,1,1.02,0,0,0,0,0,0,2,System.Byte[],1.2,1,1.1,1,1.2,1,System.Byte[]
9003,Handmaid's Ladle +3,1.3,1.3,1.3,1.3,1.3,1,1,1.15,1.15,1.15,1.15,1,1,1,1,1,1,1,1,1.03,0,0,0,0,0,0,3,System.Byte[],1.3,1,1.15,1,1.4,1,System.Byte[]
9004,Handmaid's Ladle +4,1.4,1.4,1.4,1.4,1.4,1,1,1.2,1.2,1.2,1.2,1,1,1,1,1,1,1,1,1.04,0,0,0,0,0,0,4,System.Byte[],1.4,1,1.2,1,1.6,1,System.Byte[]
9005,Handmaid's Ladle +5,1.5,1.5,1.5,1.5,1.5,1,1,1.23,1.23,1.23,1.23,1,1,1,1,1,1,1,1,1.05,0,0,0,0,0,0,5,System.Byte[],1.5,1,1.23,1,1.8,1,System.Byte[]
9006,Handmaid's Ladle +6,1.6,1.6,1.6,1.6,1.6,1,1,1.26,1.26,1.26,1.26,1,1,1,1,1,1,1,1,1.06,0,0,0,0,0,0,6,System.Byte[],1.6,1,1.26,1,2,1,System.Byte[]
9007,Handmaid's Ladle +7,1.7,1.7,1.7,1.7,1.7,1,1,1.29,1.29,1.29,1.29,1,1,1,1,1,1,1,1,1.07,0,0,0,0,0,0,7,System.Byte[],1.7,1,1.29,1,2.2,1,System.Byte[]
9008,Handmaid's Ladle +8,1.8,1.8,1.8,1.8,1.8,1,1,1.32,1.32,1.32,1.32,1,1,1,1,1,1,1,1,1.08,0,0,0,0,0,0,8,System.Byte[],1.8,1,1.32,1,2.4,1,System.Byte[]
9009,Handmaid's Ladle +9,1.9,1.9,1.9,1.9,1.9,1,1,1.35,1.35,1.35,1.35,1,1,1,1,1,1,1,1,1.09,0,0,0,0,0,0,9,System.Byte[],1.9,1,1.35,1,2.6,1,System.Byte[]
9010,Handmaid's Ladle +10,2,2,2,2,2,1,1,1.4,1.4,1.4,1.4,1,1,1,1,1,1,1,1,1.1,0,0,0,0,0,0,10,System.Byte[],2,1,1.4,1,3,1,System.Byte[]
9998,,1,1,1,1,1,1,1,1,1,1,1,1,1,1,1,1,1,1,1,1,0,0,0,0,0,0,0,System.Byte[],1,1,1,1,1,1,System.Byte[]
9999,,1,1,1,1,1,1,1,1,1,1,1,1,1,1,1,1,1,1,1,1,0,0,0,0,0,0,0,System.Byte[],1,1,1,1,1,1,System.Byte[]
