1240012,,800032,200,System.Byte[],800038,202,System.Byte[],800032,210,System.Byte[],0,0,System.Byte[],800032,212,System.Byte[],0,0,System.Byte[],0,0,System.Byte[],0,0,System.Byte[],0,0,System.Byte[],0,0,System.Byte[]
0,For testing -- テスト用,0,0,System.Byte[],0,0,System.Byte[],0,0,System.Byte[],0,0,System.Byte[],0,0,System.Byte[],0,0,System.Byte[],0,0,System.Byte[],0,0,System.Byte[],0,0,System.Byte[],0,0,System.Byte[]
80000,Message tombstone (before lighting) -- メッセージ墓石（点灯前）,82,10,System.Byte[],0,0,System.Byte[],0,0,System.Byte[],0,0,System.Byte[],0,0,System.Byte[],0,0,System.Byte[],0,0,System.Byte[],0,0,System.Byte[],0,0,System.Byte[],0,0,System.Byte[]
80010,Message tombstone (after lighting) -- メッセージ墓石（点灯後）,83,10,System.Byte[],0,0,System.Byte[],0,0,System.Byte[],0,0,System.Byte[],0,0,System.Byte[],0,0,System.Byte[],0,0,System.Byte[],0,0,System.Byte[],0,0,System.Byte[],0,0,System.Byte[]
1030000,[Ritual] Princess alternative obj -- 【儀式】皇女代替OBJ,691094,200,System.Byte[],0,0,System.Byte[],0,0,System.Byte[],0,0,System.Byte[],0,0,System.Byte[],0,0,System.Byte[],0,0,System.Byte[],0,0,System.Byte[],0,0,System.Byte[],0,0,System.Byte[]
1230000,Ojo Candlestick (Low) -- 王城燭台（低）,800030,201,System.Byte[],800030,211,System.Byte[],800030,212,System.Byte[],0,0,System.Byte[],800030,0,System.Byte[],0,0,System.Byte[],0,0,System.Byte[],0,0,System.Byte[],0,0,System.Byte[],0,0,System.Byte[]
1240000,Candle ver00 -- 蝋燭ver00,839010,200,System.Byte[],0,0,System.Byte[],0,0,System.Byte[],0,0,System.Byte[],0,0,System.Byte[],0,0,System.Byte[],0,0,System.Byte[],0,0,System.Byte[],0,0,System.Byte[],0,0,System.Byte[]
1240001,Candle Ver01 -- 蝋燭ver01,899999,200,System.Byte[],34,202,System.Byte[],34,210,System.Byte[],0,0,System.Byte[],34,212,System.Byte[],0,0,System.Byte[],0,0,System.Byte[],0,0,System.Byte[],0,0,System.Byte[],0,0,System.Byte[]
1240002,Candle Ver02 -- 蝋燭ver02,899999,210,System.Byte[],34,211,System.Byte[],34,212,System.Byte[],0,0,System.Byte[],34,213,System.Byte[],0,0,System.Byte[],0,0,System.Byte[],0,0,System.Byte[],0,0,System.Byte[],0,0,System.Byte[]
1240010,Blue Flame バリエ 1 -- 青炎バリエ1,899998,200,System.Byte[],48,201,System.Byte[],48,202,System.Byte[],0,0,System.Byte[],0,0,System.Byte[],0,0,System.Byte[],0,0,System.Byte[],0,0,System.Byte[],0,0,System.Byte[],0,0,System.Byte[]
1240011,Blue Flame バリエ 2 -- 青炎バリエ2,899998,200,System.Byte[],48,202,System.Byte[],48,210,System.Byte[],0,0,System.Byte[],48,212,System.Byte[],0,0,System.Byte[],0,0,System.Byte[],0,0,System.Byte[],0,0,System.Byte[],0,0,System.Byte[]
1510000,Old Lantern -- ランタン(古),800050,200,System.Byte[],0,0,System.Byte[],0,0,System.Byte[],0,0,System.Byte[],0,0,System.Byte[],0,0,System.Byte[],0,0,System.Byte[],0,0,System.Byte[],0,0,System.Byte[],0,0,System.Byte[]
2120000,Statue Candle lit -- 石像ロウソク点灯,899999,200,System.Byte[],0,0,System.Byte[],0,0,System.Byte[],0,0,System.Byte[],0,0,System.Byte[],0,0,System.Byte[],0,0,System.Byte[],0,0,System.Byte[],0,0,System.Byte[],0,0,System.Byte[]
4660000,General-purpose wall lighting (torches) -- 汎用壁照明（松明）,800023,200,System.Byte[],0,0,System.Byte[],0,0,System.Byte[],0,0,System.Byte[],0,0,System.Byte[],0,0,System.Byte[],0,0,System.Byte[],0,0,System.Byte[],0,0,System.Byte[],0,0,System.Byte[]
4661000,General-purpose Ceiling lighting (torches) -- 汎用天井照明(松明),800022,200,System.Byte[],0,0,System.Byte[],0,0,System.Byte[],0,0,System.Byte[],0,0,System.Byte[],0,0,System.Byte[],0,0,System.Byte[],0,0,System.Byte[],0,0,System.Byte[],0,0,System.Byte[]
4665000,,800022,200,System.Byte[],0,0,System.Byte[],0,0,System.Byte[],0,0,System.Byte[],0,0,System.Byte[],0,0,System.Byte[],0,0,System.Byte[],0,0,System.Byte[],0,0,System.Byte[],0,0,System.Byte[]
4665001,,851002,200,System.Byte[],0,0,System.Byte[],0,0,System.Byte[],0,0,System.Byte[],0,0,System.Byte[],0,0,System.Byte[],0,0,System.Byte[],0,0,System.Byte[],0,0,System.Byte[],0,0,System.Byte[]
9004010,Concept Solar -- コンセプト版太陽,694720,200,System.Byte[],0,0,System.Byte[],0,0,System.Byte[],0,0,System.Byte[],0,0,System.Byte[],0,0,System.Byte[],0,0,System.Byte[],0,0,System.Byte[],0,0,System.Byte[],0,0,System.Byte[]
301230000,,800030,201,System.Byte[],800030,212,System.Byte[],800030,211,System.Byte[],0,0,System.Byte[],0,0,System.Byte[],0,0,System.Byte[],0,0,System.Byte[],0,0,System.Byte[],0,0,System.Byte[],0,0,System.Byte[]
301240000,,839010,200,System.Byte[],0,0,System.Byte[],0,0,System.Byte[],0,0,System.Byte[],0,0,System.Byte[],0,0,System.Byte[],0,0,System.Byte[],0,0,System.Byte[],0,0,System.Byte[],0,0,System.Byte[]
302518000,Ojo Candles -- 王城蝋燭,83,10,System.Byte[],0,0,System.Byte[],0,0,System.Byte[],0,0,System.Byte[],0,0,System.Byte[],0,0,System.Byte[],0,0,System.Byte[],0,0,System.Byte[],0,0,System.Byte[],0,0,System.Byte[]
302525000,Hanging Lantern 1 -- 吊るし灯篭1,800060,200,System.Byte[],0,0,System.Byte[],0,0,System.Byte[],0,0,System.Byte[],0,0,System.Byte[],0,0,System.Byte[],0,0,System.Byte[],0,0,System.Byte[],0,0,System.Byte[],0,0,System.Byte[]
302526000,Fire of firewood -- 薪の炎,800061,200,System.Byte[],0,0,System.Byte[],0,0,System.Byte[],0,0,System.Byte[],0,0,System.Byte[],0,0,System.Byte[],0,0,System.Byte[],0,0,System.Byte[],0,0,System.Byte[],0,0,System.Byte[]
302564000,Burnt Corpse -- 燃えた死体,800062,200,System.Byte[],0,0,System.Byte[],0,0,System.Byte[],0,0,System.Byte[],0,0,System.Byte[],0,0,System.Byte[],0,0,System.Byte[],0,0,System.Byte[],0,0,System.Byte[],0,0,System.Byte[]
302565000,Having a statue candle -- 彫像蝋燭持ち,800052,200,System.Byte[],0,0,System.Byte[],0,0,System.Byte[],0,0,System.Byte[],0,0,System.Byte[],0,0,System.Byte[],0,0,System.Byte[],0,0,System.Byte[],0,0,System.Byte[],0,0,System.Byte[]
304517000,Ojo 1 Lantern 1 -- 王城1ランタン1,800050,200,System.Byte[],0,0,System.Byte[],0,0,System.Byte[],0,0,System.Byte[],0,0,System.Byte[],0,0,System.Byte[],0,0,System.Byte[],0,0,System.Byte[],0,0,System.Byte[],0,0,System.Byte[]
304783000,,800030,210,System.Byte[],800030,212,System.Byte[],800043,214,System.Byte[],0,0,System.Byte[],0,0,System.Byte[],0,0,System.Byte[],0,0,System.Byte[],0,0,System.Byte[],0,0,System.Byte[],0,0,System.Byte[]
304849000,,800030,210,System.Byte[],800030,212,System.Byte[],800043,214,System.Byte[],0,0,System.Byte[],0,0,System.Byte[],0,0,System.Byte[],0,0,System.Byte[],0,0,System.Byte[],0,0,System.Byte[],0,0,System.Byte[]
304857000,Ojo Candlestick (High) -- 王城燭台（高）,800030,210,System.Byte[],800030,212,System.Byte[],800043,214,System.Byte[],0,0,System.Byte[],0,0,System.Byte[],0,0,System.Byte[],0,0,System.Byte[],0,0,System.Byte[],0,0,System.Byte[],0,0,System.Byte[]
304858000,,800032,201,System.Byte[],800038,202,System.Byte[],0,210,System.Byte[],0,0,System.Byte[],800032,211,System.Byte[],0,0,System.Byte[],800032,213,System.Byte[],0,0,System.Byte[],0,0,System.Byte[],0,0,System.Byte[]
304863000,Ojo 2 Torch -- 王城2　トーチ,800023,200,System.Byte[],0,0,System.Byte[],0,0,System.Byte[],0,0,System.Byte[],0,0,System.Byte[],0,0,System.Byte[],0,0,System.Byte[],0,0,System.Byte[],0,0,System.Byte[],0,0,System.Byte[]
311010000,,800061,200,System.Byte[],0,0,System.Byte[],0,0,System.Byte[],0,0,System.Byte[],0,0,System.Byte[],0,0,System.Byte[],0,0,System.Byte[],0,0,System.Byte[],0,0,System.Byte[],0,0,System.Byte[]
311011000,,800061,200,System.Byte[],0,0,System.Byte[],0,0,System.Byte[],0,0,System.Byte[],0,0,System.Byte[],0,0,System.Byte[],0,0,System.Byte[],0,0,System.Byte[],0,0,System.Byte[],0,0,System.Byte[]
315100000,Bonfires Tree -- 焚火のツリー,831020,200,System.Byte[],0,0,System.Byte[],0,0,System.Byte[],0,0,System.Byte[],0,0,System.Byte[],0,0,System.Byte[],0,0,System.Byte[],0,0,System.Byte[],0,0,System.Byte[],0,0,System.Byte[]
316500000,Hanging Lantern 1 -- 吊るし灯篭1,800060,200,System.Byte[],0,0,System.Byte[],0,0,System.Byte[],0,0,System.Byte[],0,0,System.Byte[],0,0,System.Byte[],0,0,System.Byte[],0,0,System.Byte[],0,0,System.Byte[],0,0,System.Byte[]
316500001,Hanging Lantern 1 -- 吊るし灯篭1,999105,200,System.Byte[],0,0,System.Byte[],0,0,System.Byte[],0,0,System.Byte[],0,0,System.Byte[],0,0,System.Byte[],0,0,System.Byte[],0,0,System.Byte[],0,0,System.Byte[],0,0,System.Byte[]
319006000,Candle with Dish -- 蝋燭(皿付き),800050,200,System.Byte[],0,0,System.Byte[],0,0,System.Byte[],0,0,System.Byte[],0,0,System.Byte[],0,0,System.Byte[],0,0,System.Byte[],0,0,System.Byte[],0,0,System.Byte[],0,0,System.Byte[]
319006001,,800032,200,System.Byte[],0,0,System.Byte[],0,0,System.Byte[],0,0,System.Byte[],0,0,System.Byte[],0,0,System.Byte[],0,0,System.Byte[],0,0,System.Byte[],0,0,System.Byte[],0,0,System.Byte[]
319010000,Lantern -- ランタン,831022,200,System.Byte[],0,0,System.Byte[],0,0,System.Byte[],0,0,System.Byte[],0,0,System.Byte[],0,0,System.Byte[],0,0,System.Byte[],0,0,System.Byte[],0,0,System.Byte[],0,0,System.Byte[]
319012000,Hanging Torch -- 吊るしトーチ,831022,200,System.Byte[],0,0,System.Byte[],0,0,System.Byte[],0,0,System.Byte[],0,0,System.Byte[],0,0,System.Byte[],0,0,System.Byte[],0,0,System.Byte[],0,0,System.Byte[],0,0,System.Byte[]
319013000,,831022,200,System.Byte[],0,0,System.Byte[],0,0,System.Byte[],0,0,System.Byte[],0,0,System.Byte[],0,0,System.Byte[],0,0,System.Byte[],0,0,System.Byte[],0,0,System.Byte[],0,0,System.Byte[]
319014000,,831021,200,System.Byte[],0,0,System.Byte[],0,0,System.Byte[],0,0,System.Byte[],0,0,System.Byte[],0,0,System.Byte[],0,0,System.Byte[],0,0,System.Byte[],0,0,System.Byte[],0,0,System.Byte[]
319015000,,839010,200,System.Byte[],0,0,System.Byte[],0,0,System.Byte[],0,0,System.Byte[],0,0,System.Byte[],0,0,System.Byte[],0,0,System.Byte[],0,0,System.Byte[],0,0,System.Byte[],0,0,System.Byte[]
320650000,,800022,200,System.Byte[],0,0,System.Byte[],0,0,System.Byte[],0,0,System.Byte[],0,0,System.Byte[],0,0,System.Byte[],0,0,System.Byte[],0,0,System.Byte[],0,0,System.Byte[],0,0,System.Byte[]
324014000,Incense Burner M32 -- 香炉ｍ32,532401400,200,System.Byte[],0,0,System.Byte[],0,0,System.Byte[],0,0,System.Byte[],0,0,System.Byte[],0,0,System.Byte[],0,0,System.Byte[],0,0,System.Byte[],0,0,System.Byte[],0,0,System.Byte[]
329050000,,839010,200,System.Byte[],0,0,System.Byte[],0,0,System.Byte[],0,0,System.Byte[],0,0,System.Byte[],0,0,System.Byte[],0,0,System.Byte[],0,0,System.Byte[],0,0,System.Byte[],0,0,System.Byte[]
330009000,Skeleton Forest Candle -- 森骸骨蝋燭,833022,200,System.Byte[],0,0,System.Byte[],0,0,System.Byte[],0,0,System.Byte[],0,0,System.Byte[],0,0,System.Byte[],0,0,System.Byte[],0,0,System.Byte[],0,0,System.Byte[],0,0,System.Byte[]
330010000,Mori Lantern -- 森ランタン,610028,200,System.Byte[],0,0,System.Byte[],0,0,System.Byte[],0,0,System.Byte[],0,0,System.Byte[],0,0,System.Byte[],0,0,System.Byte[],0,0,System.Byte[],0,0,System.Byte[],0,0,System.Byte[]
330011000,,833022,200,System.Byte[],0,0,System.Byte[],0,0,System.Byte[],0,0,System.Byte[],0,0,System.Byte[],0,0,System.Byte[],0,0,System.Byte[],0,0,System.Byte[],0,0,System.Byte[],0,0,System.Byte[]
330052000,,833020,200,System.Byte[],0,0,System.Byte[],0,0,System.Byte[],0,0,System.Byte[],0,0,System.Byte[],0,0,System.Byte[],0,0,System.Byte[],0,0,System.Byte[],0,0,System.Byte[],0,0,System.Byte[]
330060000,,800050,200,System.Byte[],0,0,System.Byte[],0,0,System.Byte[],0,0,System.Byte[],0,0,System.Byte[],0,0,System.Byte[],0,0,System.Byte[],0,0,System.Byte[],0,0,System.Byte[],0,0,System.Byte[]
330090000,,833020,200,System.Byte[],0,0,System.Byte[],0,0,System.Byte[],0,0,System.Byte[],0,0,System.Byte[],0,0,System.Byte[],0,0,System.Byte[],0,0,System.Byte[],0,0,System.Byte[],0,0,System.Byte[]
330091000,,833020,200,System.Byte[],0,0,System.Byte[],0,0,System.Byte[],0,0,System.Byte[],0,0,System.Byte[],0,0,System.Byte[],0,0,System.Byte[],0,0,System.Byte[],0,0,System.Byte[],0,0,System.Byte[]
330095000,,833026,200,System.Byte[],833025,201,System.Byte[],0,0,System.Byte[],0,0,System.Byte[],0,0,System.Byte[],0,0,System.Byte[],0,0,System.Byte[],0,0,System.Byte[],0,0,System.Byte[],0,0,System.Byte[]
331043000,,833022,200,System.Byte[],0,0,System.Byte[],0,0,System.Byte[],0,0,System.Byte[],0,0,System.Byte[],0,0,System.Byte[],0,0,System.Byte[],0,0,System.Byte[],0,0,System.Byte[],0,0,System.Byte[]
331050000,,800061,200,System.Byte[],0,0,System.Byte[],0,0,System.Byte[],0,0,System.Byte[],0,0,System.Byte[],0,0,System.Byte[],0,0,System.Byte[],0,0,System.Byte[],0,0,System.Byte[],0,0,System.Byte[]
331051000,,800061,200,System.Byte[],0,0,System.Byte[],0,0,System.Byte[],0,0,System.Byte[],0,0,System.Byte[],0,0,System.Byte[],0,0,System.Byte[],0,0,System.Byte[],0,0,System.Byte[],0,0,System.Byte[]
331052000,,800061,200,System.Byte[],0,0,System.Byte[],0,0,System.Byte[],0,0,System.Byte[],0,0,System.Byte[],0,0,System.Byte[],0,0,System.Byte[],0,0,System.Byte[],0,0,System.Byte[],0,0,System.Byte[]
331055000,,800022,200,System.Byte[],0,0,System.Byte[],0,0,System.Byte[],0,0,System.Byte[],0,0,System.Byte[],0,0,System.Byte[],0,0,System.Byte[],0,0,System.Byte[],0,0,System.Byte[],0,0,System.Byte[]
331390000,Mori boss Room Skeleton Candle 01 -- 森　ボス部屋骸骨蝋燭01,833020,200,System.Byte[],833021,201,System.Byte[],0,0,System.Byte[],0,0,System.Byte[],0,0,System.Byte[],0,0,System.Byte[],0,0,System.Byte[],0,0,System.Byte[],0,0,System.Byte[],0,0,System.Byte[]
331391000,Mori boss Room Skeleton Candle 02 -- 森　ボス部屋骸骨蝋燭02,833020,200,System.Byte[],833021,201,System.Byte[],0,0,System.Byte[],0,0,System.Byte[],0,0,System.Byte[],0,0,System.Byte[],0,0,System.Byte[],0,0,System.Byte[],0,0,System.Byte[],0,0,System.Byte[]
331392000,Mori boss Room Skeleton Candle 03 -- 森　ボス部屋骸骨蝋燭03,833020,200,System.Byte[],833021,201,System.Byte[],0,0,System.Byte[],0,0,System.Byte[],0,0,System.Byte[],0,0,System.Byte[],0,0,System.Byte[],0,0,System.Byte[],0,0,System.Byte[],0,0,System.Byte[]
331550000,,833020,200,System.Byte[],833021,201,System.Byte[],0,0,System.Byte[],0,0,System.Byte[],0,0,System.Byte[],0,0,System.Byte[],0,0,System.Byte[],0,0,System.Byte[],0,0,System.Byte[],0,0,System.Byte[]
344857000,Ojo 2, 3 candlestick (high) -- 王城2,3燭台（高）,800030,210,System.Byte[],800030,212,System.Byte[],800043,214,System.Byte[],0,0,System.Byte[],0,0,System.Byte[],0,0,System.Byte[],0,0,System.Byte[],0,0,System.Byte[],0,0,System.Byte[],0,0,System.Byte[]
344859000,Ojo 2, 3 candlesticks (Low) -- 王城2,3燭台（低）,800030,210,System.Byte[],800030,211,System.Byte[],800030,212,System.Byte[],0,0,System.Byte[],0,0,System.Byte[],0,0,System.Byte[],0,0,System.Byte[],0,0,System.Byte[],0,0,System.Byte[],0,0,System.Byte[]
344863000,Ojo 2, 3 torch -- 王城2,3　トーチ,800023,200,System.Byte[],0,0,System.Byte[],0,0,System.Byte[],0,0,System.Byte[],0,0,System.Byte[],0,0,System.Byte[],0,0,System.Byte[],0,0,System.Byte[],0,0,System.Byte[],0,0,System.Byte[]
349370000,,800023,200,System.Byte[],0,0,System.Byte[],0,0,System.Byte[],0,0,System.Byte[],0,0,System.Byte[],0,0,System.Byte[],0,0,System.Byte[],0,0,System.Byte[],0,0,System.Byte[],0,0,System.Byte[]
350000000,Cathedral Church Chandelier -- 聖堂教会シャンデリア,835100,210,System.Byte[],0,0,System.Byte[],0,0,System.Byte[],0,0,System.Byte[],0,0,System.Byte[],0,0,System.Byte[],0,0,System.Byte[],0,0,System.Byte[],0,0,System.Byte[],0,0,System.Byte[]
350010000,Cathedral Church Candlestick A -- 聖堂教会燭台Ａ,835040,200,System.Byte[],0,0,System.Byte[],0,0,System.Byte[],0,0,System.Byte[],0,0,System.Byte[],0,0,System.Byte[],0,0,System.Byte[],0,0,System.Byte[],0,0,System.Byte[],0,0,System.Byte[]
350013000,Cathedral Church Candlestick Bver00 -- 聖堂教会燭台Bver00,835042,200,System.Byte[],34,201,System.Byte[],34,202,System.Byte[],0,0,System.Byte[],0,0,System.Byte[],0,0,System.Byte[],0,0,System.Byte[],0,0,System.Byte[],0,0,System.Byte[],0,0,System.Byte[]
350013001,Cathedral Church Candlestick Bver01 -- 聖堂教会燭台Bver01,835042,210,System.Byte[],34,211,System.Byte[],34,212,System.Byte[],0,0,System.Byte[],34,213,System.Byte[],0,0,System.Byte[],0,0,System.Byte[],0,0,System.Byte[],0,0,System.Byte[],0,0,System.Byte[]
350015000,Cathedral church boss Room Candle -- 聖堂教会　ボス部屋蝋燭,833020,200,System.Byte[],833021,201,System.Byte[],0,0,System.Byte[],0,0,System.Byte[],0,0,System.Byte[],0,0,System.Byte[],0,0,System.Byte[],0,0,System.Byte[],0,0,System.Byte[],0,0,System.Byte[]
352000000,Cathedral Church _ Indoor Torches -- 聖堂教会_室内松明,800022,200,System.Byte[],0,0,System.Byte[],0,0,System.Byte[],0,0,System.Byte[],0,0,System.Byte[],0,0,System.Byte[],0,0,System.Byte[],0,0,System.Byte[],0,0,System.Byte[],0,0,System.Byte[]
359050000,Cathedral Church Outdoor Torches -- 聖堂教会　屋外松明,800020,200,System.Byte[],0,0,System.Byte[],0,0,System.Byte[],0,0,System.Byte[],0,0,System.Byte[],0,0,System.Byte[],0,0,System.Byte[],0,0,System.Byte[],0,0,System.Byte[],0,0,System.Byte[]
359106000,,835041,200,System.Byte[],0,0,System.Byte[],0,0,System.Byte[],0,0,System.Byte[],0,0,System.Byte[],0,0,System.Byte[],0,0,System.Byte[],0,0,System.Byte[],0,0,System.Byte[],0,0,System.Byte[]
359113000,,835101,210,System.Byte[],0,0,System.Byte[],0,0,System.Byte[],0,0,System.Byte[],0,0,System.Byte[],0,0,System.Byte[],0,0,System.Byte[],0,0,System.Byte[],0,0,System.Byte[],0,0,System.Byte[]
364512000,God Tomb Lantern 2 -- 神墓ランタン2,800050,200,System.Byte[],0,0,System.Byte[],0,0,System.Byte[],0,0,System.Byte[],0,0,System.Byte[],0,0,System.Byte[],0,0,System.Byte[],0,0,System.Byte[],0,0,System.Byte[],0,0,System.Byte[]
364517000,God Tomb Lantern 1 -- 神墓ランタン1,800050,200,System.Byte[],0,0,System.Byte[],0,0,System.Byte[],0,0,System.Byte[],0,0,System.Byte[],0,0,System.Byte[],0,0,System.Byte[],0,0,System.Byte[],0,0,System.Byte[],0,0,System.Byte[]
372010000,Anol Lantan A -- アノールランタンA,800023,200,System.Byte[],0,0,System.Byte[],0,0,System.Byte[],0,0,System.Byte[],0,0,System.Byte[],0,0,System.Byte[],0,0,System.Byte[],0,0,System.Byte[],0,0,System.Byte[],0,0,System.Byte[]
373023000,,800044,200,System.Byte[],800044,201,System.Byte[],800044,202,System.Byte[],0,0,System.Byte[],0,0,System.Byte[],0,0,System.Byte[],0,0,System.Byte[],0,0,System.Byte[],0,0,System.Byte[],0,0,System.Byte[]
373024000,,800044,200,System.Byte[],800044,201,System.Byte[],0,0,System.Byte[],0,0,System.Byte[],0,0,System.Byte[],0,0,System.Byte[],0,0,System.Byte[],0,0,System.Byte[],0,0,System.Byte[],0,0,System.Byte[]
381004000,Candle ver00 -- 蝋燭ver00,839010,200,System.Byte[],34,201,System.Byte[],34,202,System.Byte[],0,0,System.Byte[],0,0,System.Byte[],0,0,System.Byte[],0,0,System.Byte[],0,0,System.Byte[],0,0,System.Byte[],0,0,System.Byte[]
381008000,Wall Lantern -- 壁灯篭,800020,200,System.Byte[],0,0,System.Byte[],0,0,System.Byte[],0,0,System.Byte[],0,0,System.Byte[],0,0,System.Byte[],0,0,System.Byte[],0,0,System.Byte[],0,0,System.Byte[],0,0,System.Byte[]
381009000,Hanging lantern -- 吊るし灯篭,838100,200,System.Byte[],0,0,System.Byte[],0,0,System.Byte[],0,0,System.Byte[],0,0,System.Byte[],0,0,System.Byte[],0,0,System.Byte[],0,0,System.Byte[],0,0,System.Byte[],0,0,System.Byte[]
381040000,,838040,200,System.Byte[],0,0,System.Byte[],0,0,System.Byte[],0,0,System.Byte[],0,0,System.Byte[],0,0,System.Byte[],0,0,System.Byte[],0,0,System.Byte[],0,0,System.Byte[],0,0,System.Byte[]
381041000,,838042,200,System.Byte[],34,201,System.Byte[],34,202,System.Byte[],0,0,System.Byte[],0,0,System.Byte[],0,0,System.Byte[],0,0,System.Byte[],0,0,System.Byte[],0,0,System.Byte[],0,0,System.Byte[]
381043000,,838041,200,System.Byte[],34,201,System.Byte[],34,202,System.Byte[],0,0,System.Byte[],0,0,System.Byte[],0,0,System.Byte[],0,0,System.Byte[],0,0,System.Byte[],0,0,System.Byte[],0,0,System.Byte[]
381044000,,838041,210,System.Byte[],0,0,System.Byte[],0,0,System.Byte[],0,0,System.Byte[],0,0,System.Byte[],0,0,System.Byte[],0,0,System.Byte[],0,0,System.Byte[],0,0,System.Byte[],0,0,System.Byte[]
391000000,Candle One -- 蝋燭1,839010,200,System.Byte[],0,0,System.Byte[],0,0,System.Byte[],0,0,System.Byte[],0,0,System.Byte[],0,0,System.Byte[],0,0,System.Byte[],0,0,System.Byte[],0,0,System.Byte[],0,0,System.Byte[]
391000001,Candle 2 -- 蝋燭2,839012,200,System.Byte[],0,0,System.Byte[],0,0,System.Byte[],0,0,System.Byte[],0,0,System.Byte[],0,0,System.Byte[],0,0,System.Byte[],0,0,System.Byte[],0,0,System.Byte[],0,0,System.Byte[]
391100000,Incense Burner 1 -- 香炉1,800060,200,System.Byte[],0,0,System.Byte[],0,0,System.Byte[],0,0,System.Byte[],0,0,System.Byte[],0,0,System.Byte[],0,0,System.Byte[],0,0,System.Byte[],0,0,System.Byte[],0,0,System.Byte[]
392300000,Shaking Incense Burner 1 -- 揺れる香炉1,800050,200,System.Byte[],0,0,System.Byte[],0,0,System.Byte[],0,0,System.Byte[],0,0,System.Byte[],0,0,System.Byte[],0,0,System.Byte[],0,0,System.Byte[],0,0,System.Byte[],0,0,System.Byte[]
392310000,Shaking Incense Burner 2 -- 揺れる香炉2,800050,200,System.Byte[],0,0,System.Byte[],0,0,System.Byte[],0,0,System.Byte[],0,0,System.Byte[],0,0,System.Byte[],0,0,System.Byte[],0,0,System.Byte[],0,0,System.Byte[],0,0,System.Byte[]
398000000,Corpse Mountain 1 -- 死体の山1,931300,200,System.Byte[],0,0,System.Byte[],0,0,System.Byte[],0,0,System.Byte[],0,0,System.Byte[],0,0,System.Byte[],0,0,System.Byte[],0,0,System.Byte[],0,0,System.Byte[],0,0,System.Byte[]
399100000,Wall Torches 1 -- 壁掛け松明1,800022,200,System.Byte[],0,0,System.Byte[],0,0,System.Byte[],0,0,System.Byte[],0,0,System.Byte[],0,0,System.Byte[],0,0,System.Byte[],0,0,System.Byte[],0,0,System.Byte[],0,0,System.Byte[]
399100001,Wall Torches 1 -- 壁掛け松明1,999101,200,System.Byte[],0,0,System.Byte[],0,0,System.Byte[],0,0,System.Byte[],0,0,System.Byte[],0,0,System.Byte[],0,0,System.Byte[],0,0,System.Byte[],0,0,System.Byte[],0,0,System.Byte[]
399110000,Wall Torches 2 -- 壁掛け松明2,839011,200,System.Byte[],0,0,System.Byte[],0,0,System.Byte[],0,0,System.Byte[],0,0,System.Byte[],0,0,System.Byte[],0,0,System.Byte[],0,0,System.Byte[],0,0,System.Byte[],0,0,System.Byte[]
399111000,,839011,200,System.Byte[],0,0,System.Byte[],0,0,System.Byte[],0,0,System.Byte[],0,0,System.Byte[],0,0,System.Byte[],0,0,System.Byte[],0,0,System.Byte[],0,0,System.Byte[],0,0,System.Byte[]
399999000,Candle test -- 蝋燭テスト,900101,200,System.Byte[],900101,201,System.Byte[],900101,202,System.Byte[],0,0,System.Byte[],0,0,System.Byte[],0,0,System.Byte[],0,0,System.Byte[],0,0,System.Byte[],0,0,System.Byte[],0,0,System.Byte[]
452017000,,845047,200,System.Byte[],0,0,System.Byte[],0,0,System.Byte[],0,0,System.Byte[],0,0,System.Byte[],0,0,System.Byte[],0,0,System.Byte[],0,0,System.Byte[],0,0,System.Byte[],0,0,System.Byte[]
452100000,,800022,200,System.Byte[],0,0,System.Byte[],0,0,System.Byte[],0,0,System.Byte[],0,0,System.Byte[],0,0,System.Byte[],0,0,System.Byte[],0,0,System.Byte[],0,0,System.Byte[],0,0,System.Byte[]
452105000,,800022,200,System.Byte[],0,0,System.Byte[],0,0,System.Byte[],0,0,System.Byte[],0,0,System.Byte[],0,0,System.Byte[],0,0,System.Byte[],0,0,System.Byte[],0,0,System.Byte[],0,0,System.Byte[]
452110000,,845220,200,System.Byte[],0,0,System.Byte[],0,0,System.Byte[],0,0,System.Byte[],0,0,System.Byte[],0,0,System.Byte[],0,0,System.Byte[],0,0,System.Byte[],0,0,System.Byte[],0,0,System.Byte[]
452111000,,845220,200,System.Byte[],0,0,System.Byte[],0,0,System.Byte[],0,0,System.Byte[],0,0,System.Byte[],0,0,System.Byte[],0,0,System.Byte[],0,0,System.Byte[],0,0,System.Byte[],0,0,System.Byte[]
452120000,,845205,200,System.Byte[],0,0,System.Byte[],0,0,System.Byte[],0,0,System.Byte[],0,0,System.Byte[],0,0,System.Byte[],0,0,System.Byte[],0,0,System.Byte[],0,0,System.Byte[],0,0,System.Byte[]
452127000,,845206,200,System.Byte[],0,0,System.Byte[],0,0,System.Byte[],0,0,System.Byte[],0,0,System.Byte[],0,0,System.Byte[],0,0,System.Byte[],0,0,System.Byte[],0,0,System.Byte[],0,0,System.Byte[]
452210000,,845070,200,System.Byte[],0,0,System.Byte[],0,0,System.Byte[],0,0,System.Byte[],0,0,System.Byte[],0,0,System.Byte[],0,0,System.Byte[],0,0,System.Byte[],0,0,System.Byte[],0,0,System.Byte[]
452211000,,845070,200,System.Byte[],0,0,System.Byte[],0,0,System.Byte[],0,0,System.Byte[],0,0,System.Byte[],0,0,System.Byte[],0,0,System.Byte[],0,0,System.Byte[],0,0,System.Byte[],0,0,System.Byte[]
452211001,,845071,200,System.Byte[],0,0,System.Byte[],0,0,System.Byte[],0,0,System.Byte[],0,0,System.Byte[],0,0,System.Byte[],0,0,System.Byte[],0,0,System.Byte[],0,0,System.Byte[],0,0,System.Byte[]
452510000,,800060,200,System.Byte[],0,0,System.Byte[],0,0,System.Byte[],0,0,System.Byte[],0,0,System.Byte[],0,0,System.Byte[],0,0,System.Byte[],0,0,System.Byte[],0,0,System.Byte[],0,0,System.Byte[]
459030000,,845223,200,System.Byte[],0,0,System.Byte[],0,0,System.Byte[],0,0,System.Byte[],0,0,System.Byte[],0,0,System.Byte[],0,0,System.Byte[],0,0,System.Byte[],0,0,System.Byte[],0,0,System.Byte[]
459200000,,845200,200,System.Byte[],0,0,System.Byte[],0,0,System.Byte[],0,0,System.Byte[],0,0,System.Byte[],0,0,System.Byte[],0,0,System.Byte[],0,0,System.Byte[],0,0,System.Byte[],0,0,System.Byte[]
501010000,,850000,200,System.Byte[],0,0,System.Byte[],0,0,System.Byte[],0,0,System.Byte[],0,0,System.Byte[],0,0,System.Byte[],0,0,System.Byte[],0,0,System.Byte[],0,0,System.Byte[],0,0,System.Byte[]
501030000,,850080,200,System.Byte[],0,0,System.Byte[],0,0,System.Byte[],0,0,System.Byte[],0,0,System.Byte[],0,0,System.Byte[],0,0,System.Byte[],0,0,System.Byte[],0,0,System.Byte[],0,0,System.Byte[]
502007000,,850140,200,System.Byte[],0,0,System.Byte[],0,0,System.Byte[],0,0,System.Byte[],0,0,System.Byte[],0,0,System.Byte[],0,0,System.Byte[],0,0,System.Byte[],0,0,System.Byte[],0,0,System.Byte[]
512017000,,851072,200,System.Byte[],0,0,System.Byte[],0,0,System.Byte[],0,0,System.Byte[],0,0,System.Byte[],0,0,System.Byte[],0,0,System.Byte[],0,0,System.Byte[],0,0,System.Byte[],0,0,System.Byte[]
512120000,,851001,200,System.Byte[],0,0,System.Byte[],0,0,System.Byte[],0,0,System.Byte[],0,0,System.Byte[],0,0,System.Byte[],0,0,System.Byte[],0,0,System.Byte[],0,0,System.Byte[],0,0,System.Byte[]
512130000,,800020,200,System.Byte[],0,0,System.Byte[],0,0,System.Byte[],0,0,System.Byte[],0,0,System.Byte[],0,0,System.Byte[],0,0,System.Byte[],0,0,System.Byte[],0,0,System.Byte[],0,0,System.Byte[]
512140000,,851070,200,System.Byte[],0,0,System.Byte[],0,0,System.Byte[],0,0,System.Byte[],0,0,System.Byte[],0,0,System.Byte[],0,0,System.Byte[],0,0,System.Byte[],0,0,System.Byte[],0,0,System.Byte[]
512150000,,838100,200,System.Byte[],0,0,System.Byte[],0,0,System.Byte[],0,0,System.Byte[],0,0,System.Byte[],0,0,System.Byte[],0,0,System.Byte[],0,0,System.Byte[],0,0,System.Byte[],0,0,System.Byte[]
512151000,,838100,200,System.Byte[],0,0,System.Byte[],0,0,System.Byte[],0,0,System.Byte[],0,0,System.Byte[],0,0,System.Byte[],0,0,System.Byte[],0,0,System.Byte[],0,0,System.Byte[],0,0,System.Byte[]
512152000,,838100,200,System.Byte[],0,0,System.Byte[],0,0,System.Byte[],0,0,System.Byte[],0,0,System.Byte[],0,0,System.Byte[],0,0,System.Byte[],0,0,System.Byte[],0,0,System.Byte[],0,0,System.Byte[]
513501000,,851060,200,System.Byte[],0,0,System.Byte[],0,0,System.Byte[],0,0,System.Byte[],0,0,System.Byte[],0,0,System.Byte[],0,0,System.Byte[],0,0,System.Byte[],0,0,System.Byte[],0,0,System.Byte[]
532000000,,800022,200,System.Byte[],0,0,System.Byte[],0,0,System.Byte[],0,0,System.Byte[],0,0,System.Byte[],0,0,System.Byte[],0,0,System.Byte[],0,0,System.Byte[],0,0,System.Byte[],0,0,System.Byte[]
934630000,Bonfire Candlestick Normal Fire -- 篝火燭台ノーマル火,800020,200,System.Byte[],0,0,System.Byte[],0,0,System.Byte[],0,0,System.Byte[],0,0,System.Byte[],0,0,System.Byte[],0,0,System.Byte[],0,0,System.Byte[],0,0,System.Byte[],0,0,System.Byte[]
962120000,Statue Candle lit (6-digit version) -- 石像ロウソク点灯(6桁版),899999,200,System.Byte[],0,0,System.Byte[],0,0,System.Byte[],0,0,System.Byte[],0,0,System.Byte[],0,0,System.Byte[],0,0,System.Byte[],0,0,System.Byte[],0,0,System.Byte[],0,0,System.Byte[]
962140000,Hanging lighting -- 吊るし照明,899997,200,System.Byte[],0,0,System.Byte[],0,0,System.Byte[],0,0,System.Byte[],0,0,System.Byte[],0,0,System.Byte[],0,0,System.Byte[],0,0,System.Byte[],0,0,System.Byte[],0,0,System.Byte[]
969004010,Concept Solar (6-digit version) -- コンセプト版太陽(6桁版),694720,200,System.Byte[],0,0,System.Byte[],0,0,System.Byte[],0,0,System.Byte[],0,0,System.Byte[],0,0,System.Byte[],0,0,System.Byte[],0,0,System.Byte[],0,0,System.Byte[],0,0,System.Byte[]
969007000,Torch 1 -- 松明1,800022,200,System.Byte[],0,0,System.Byte[],0,0,System.Byte[],0,0,System.Byte[],0,0,System.Byte[],0,0,System.Byte[],0,0,System.Byte[],0,0,System.Byte[],0,0,System.Byte[],0,0,System.Byte[]
