113400,Back PC → dead wax -- 背面　PC→蝋の死人,0,1340,1.5,0,110,0.5,0.65,110,0,30400,11000,0,0,70,70,1,0,230,0,1,0,0,1,0,0,0,0,0,0,0,230,0,1.5,0,45,0.4,0.55,70,-1,-1,System.Byte[]
0,,0,0,0,0,0,0,0,0,0,0,0,0,0,0,0,0,0,0,0,0,0,0,0,0,0,0,0,0,0,0,0,0,0,0,0,0,0,0,0,0,System.Byte[]
100,back PC → PC -- 背面　PC→PC,0,0,1.5,0,180,0.5,0.65,180,0,30400,70000,0,0,70,70,1,0,230,0,1,0,0,0,0,0,0,0,0,0,0,230,0,1.5,0,35,0.4,0.55,70,-1,-1,System.Byte[]
101,Paris pc → PC -- パリィ　PC→PC,0,0,1.5,90,180,0.5,0.65,60,0,30201,70010,0,0,70,70,1,0,231,0,8,0,0,0,0,0,0,0,0,0,0,246,0,0,0,0,0,0,0,-1,-1,System.Byte[]
110,,0,0,1.5,0,180,0.1,0.65,180,10,40021,70100,0,0,70,70,1,0,231,0,13,0,0,0,1,0,0,0,0,0,0,238,0,0,0,0,0,0,0,-1,-1,System.Byte[]
107000,Back PC → Skeleton -- 背面　PC→スケルトン,0,1070,1.5,0,110,0.5,0.65,110,0,30400,11000,0,0,70,70,1,0,230,0,1,0,0,1,0,0,0,0,0,0,0,230,0,1.5,0,45,0.4,0.55,70,-1,-1,System.Byte[]
110400,Back PC → dead -- 背面　PC→亡者,0,1040,1.5,0,110,0.5,0.65,110,0,30400,2500,0,0,70,70,1,0,230,0,1,0,0,1,0,0,0,0,0,0,0,230,0,1.5,0,45,0.4,0.55,70,-1,-1,System.Byte[]
110710,Backstab - PC → Skeleton,0,1071,1.5,0,110,0.5,0.65,110,0,30400,11000,0,0,70,70,1,0,230,0,1,0,0,1,0,0,0,0,0,0,0,230,0,1.5,0,45,0.4,0.55,70,-1,-1,System.Byte[]
111000,Back PC → dead soldier -- 背面　PC→亡者兵士,0,1100,1.5,0,110,0.5,0.65,110,0,30400,11000,0,0,70,70,1,0,230,0,1,0,0,1,0,0,0,0,0,0,0,230,0,1.5,0,45,0.4,0.55,70,-1,-1,System.Byte[]
111010,Backstab - PC → Hollow Soldier,0,1101,1.5,0,110,0.5,0.65,110,0,30400,11000,0,0,70,70,1,0,230,0,1,0,0,1,0,0,0,0,0,0,0,230,0,1.5,0,45,0.4,0.55,70,-1,-1,System.Byte[]
111020,Backstab - PC → Hollow Soldier,0,1102,1.5,0,110,0.5,0.65,110,0,30400,11000,0,0,70,70,1,0,230,0,1,0,0,1,0,0,0,0,0,0,0,230,0,1.5,0,45,0.4,0.55,70,-1,-1,System.Byte[]
111050,Back PC → dead soldier (Large) -- 背面　PC→亡者兵士（大）,0,1105,1.5,0,110,0.5,0.65,110,0,30400,11000,0,0,70,70,1,0,230,0,1,0,0,1,0,0,0,0,0,0,0,230,0,1.5,0,45,0.4,0.55,70,-1,-1,System.Byte[]
111060,Backstab - PC → Large Hollow Soldier,0,1106,1.5,0,110,0.5,0.65,110,0,30400,11000,0,0,70,70,1,0,230,0,1,0,0,1,0,0,0,0,0,0,0,230,0,1.5,0,45,0.4,0.55,70,-1,-1,System.Byte[]
111100,Back PC → Dark Knight -- 背面　PC→ダークナイト,0,1110,1.5,0,110,0.5,0.65,110,0,30400,11000,0,0,70,70,1,0,230,0,1,0,0,1,0,0,0,0,0,0,0,230,0,1.5,0,45,0.4,0.55,70,-1,-1,System.Byte[]
111200,Back PC → dead Knight -- 背面　PC→亡者騎士,0,1120,1.5,0,110,0.5,0.65,110,0,30400,11000,0,0,70,70,1,0,230,0,1,0,0,1,0,0,0,0,0,0,0,230,0,1.5,0,45,0.4,0.55,70,-1,-1,System.Byte[]
111500,Back PC → dead Shi -- 背面　PC→亡者僧兵,0,1150,1.5,0,110,0.5,0.65,110,0,30400,11000,0,0,70,70,1,0,230,0,1,0,0,1,0,0,0,0,0,0,0,230,0,1.5,0,45,0.4,0.55,70,-1,-1,System.Byte[]
111700,Backstab - PC → Carthus Swordsman,0,1170,1.5,0,110,0.5,0.65,110,0,30400,11000,0,0,70,70,1,0,230,0,1,0,0,1,0,0,0,0,0,0,0,230,0,1.5,0,45,0.4,0.55,70,-1,-1,System.Byte[]
111800,Back PC → Skeleton frontier -- 背面　PC→スケルトン辺境,0,1180,1.5,0,110,0.5,0.65,110,0,30400,11000,0,0,70,70,1,0,230,0,1,0,0,1,0,0,0,0,0,0,0,230,0,1.5,0,45,0.4,0.55,70,-1,-1,System.Byte[]
111900,Back PC → dead priest Knight -- 背面　PC→亡者僧騎士,0,1190,1.5,0,110,0.5,0.65,110,0,30400,11000,0,0,70,70,1,0,230,0,1,0,0,1,0,0,0,0,0,0,0,230,0,1.5,0,45,0.4,0.55,70,-1,-1,System.Byte[]
112000,Back PC → dwarf people -- 背面　PC→矮小人,0,1200,1.5,0,110,0.5,0.65,110,0,30400,11000,0,0,70,70,1,0,230,0,1,0,0,1,0,0,0,0,0,0,0,230,0,1.5,0,45,0.4,0.55,70,-1,-1,System.Byte[]
112010,Backstab - PC → Hollow Slave,0,1201,1.5,0,110,0.5,0.65,110,0,30400,11000,0,0,70,70,1,0,230,0,1,0,0,1,0,0,0,0,0,0,0,230,0,1.5,0,45,0.4,0.55,70,-1,-1,System.Byte[]
112100,Back PC → Blue -- 背面　PC→ブルー,0,1210,1.5,0,110,0.5,0.65,110,0,30400,11000,0,0,70,70,1,0,230,0,1,0,0,1,0,0,0,0,0,0,0,230,0,1.5,0,45,0.4,0.55,70,-1,-1,System.Byte[]
112110,Backstab - PC → Smouldering Ghru,0,1211,1.5,0,110,0.5,0.65,110,0,30400,11000,0,0,70,70,1,0,230,0,1,0,0,1,0,0,0,0,0,0,0,230,0,1.5,0,45,0.4,0.55,70,-1,-1,System.Byte[]
112200,Back PC → Resurrection -- 背面　PC→よみがえり,0,1220,1.5,0,110,0.5,0.65,110,0,30400,11000,0,0,70,70,1,0,230,0,1,0,0,1,0,0,0,0,0,0,0,230,0,1.5,0,45,0.4,0.55,70,-1,-1,System.Byte[]
112300,Back PC → Missionary -- 背面　PC→宣教師,0,1230,1.5,0,110,0.5,0.65,110,0,30400,11000,0,0,70,70,1,0,230,0,1,0,0,1,0,0,0,0,0,0,0,230,0,1.5,0,45,0.4,0.55,70,-1,-1,System.Byte[]
112400,Back PC → Poor dead -- 背面　PC→貧民亡者,0,1240,1.5,0,110,0.5,0.65,110,0,30400,11000,0,0,70,70,1,0,230,0,1,0,0,1,0,0,0,0,0,0,0,230,0,1.5,0,45,0.4,0.55,70,-1,-1,System.Byte[]
112410,Backstab - PC → Peasant Hollow,0,1241,1.5,0,110,0.5,0.65,110,0,30400,11000,0,0,70,70,1,0,230,0,1,0,0,1,0,0,0,0,0,0,0,230,0,1.5,0,45,0.4,0.55,70,-1,-1,System.Byte[]
112500,Back PC → Poor dead elite -- 背面　PC→貧民亡者エリート,0,1250,1.5,0,110,0.5,0.65,110,0,30400,11000,0,0,70,70,1,0,230,0,1,0,0,1,0,0,0,0,0,0,0,230,0,1.5,0,45,0.4,0.55,70,-1,-1,System.Byte[]
112800,Back PC → New Ojo Knights -- 背面　PC→新王城騎士,0,1280,1.5,0,110,0.5,0.65,110,0,30400,11000,0,0,70,70,1,0,230,0,1,0,0,1,0,0,0,0,0,0,0,230,0,1.5,0,45,0.4,0.55,70,-1,-1,System.Byte[]
112810,Backstab - PC → Lothric Knight,0,1281,1.5,0,110,0.5,0.65,110,0,30400,11000,0,0,70,70,1,0,230,0,1,0,0,1,0,0,0,0,0,0,0,230,0,1.5,0,45,0.4,0.55,70,-1,-1,System.Byte[]
112820,Backstab - PC → Lothric Knight,0,1282,1.5,0,110,0.5,0.65,110,0,30400,11000,0,0,70,70,1,0,230,0,1,0,0,1,0,0,0,0,0,0,0,230,0,1.5,0,45,0.4,0.55,70,-1,-1,System.Byte[]
112830,Backstab - PC → Lothric Knight,0,1283,1.5,0,110,0.5,0.65,110,0,30400,11000,0,0,70,70,1,0,230,0,1,0,0,1,0,0,0,0,0,0,0,230,0,1.5,0,45,0.4,0.55,70,-1,-1,System.Byte[]
112900,Back PC → Ojo Deb -- 背面　PC→王城デブ,0,1290,1.5,0,110,0.5,0.65,110,0,30400,11000,0,0,70,70,1,0,230,0,1,0,0,1,0,0,0,0,0,0,0,230,0,1.5,0,90,0.4,0.55,70,-1,235,System.Byte[]
113000,Back PC → Black Knight -- 背面　PC→黒騎士,0,1300,1.5,0,110,0.5,0.65,110,0,30400,11000,0,0,70,70,1,0,230,0,1,0,0,1,0,0,0,0,0,0,0,230,0,1.5,0,45,0.4,0.55,70,-1,-1,System.Byte[]
113500,Backstab - PC → Irithyllian Slave,0,1350,1.5,0,110,0.5,0.65,110,0,30400,11000,0,0,70,70,1,0,230,0,1,0,0,1,0,0,0,0,0,0,0,230,0,1.5,0,45,0.4,0.55,70,-1,-1,System.Byte[]
113700,Back PC → Crucifixion dead b -- 背面　PC→磔亡者B,0,1370,1.5,0,110,0.5,0.65,110,0,30400,11000,0,0,70,70,1,0,230,0,1,0,0,1,0,0,0,0,0,0,0,230,0,1.5,0,45,0.4,0.55,70,-1,-1,System.Byte[]
113900,Rear PC → Snake man assassin -- 背面　PC→蛇人の暗殺者,0,1390,1.5,0,110,0.5,0.65,110,0,30400,11000,0,0,70,70,1,0,230,0,1,0,0,1,0,0,0,0,0,0,0,230,0,1.5,0,45,0.4,0.55,70,-1,-1,System.Byte[]
114100,Back PC → Silver Knight -- 背面　PC→銀騎士,0,1410,1.5,0,110,0.5,0.65,110,0,30400,11000,0,0,70,70,1,0,230,0,1,0,0,1,0,0,0,0,0,0,0,230,0,1.5,0,45,0.4,0.55,70,-1,-1,System.Byte[]
114300,Backstab - PC → Undead Cleric,0,1430,1.5,0,110,0.5,0.65,110,0,30400,11000,0,0,70,70,1,0,230,0,1,0,0,1,0,0,0,0,0,0,0,230,0,1.5,0,45,0.4,0.55,70,-1,-1,System.Byte[]
114400,Back PC → pilgrimage dead -- 背面　PC→巡礼亡者,0,1440,1.5,0,110,0.5,0.65,110,0,30400,11000,0,0,70,70,1,0,230,0,1,0,0,1,0,0,0,0,0,0,0,230,0,1.5,0,45,0.4,0.55,70,-1,-1,System.Byte[]
114410,Backstab - PC → Sage's Prentice,0,1441,1.5,0,110,0.5,0.65,110,0,30400,11000,0,0,70,70,1,0,230,0,1,0,0,1,0,0,0,0,0,0,0,230,0,1.5,0,45,0.4,0.55,70,-1,-1,System.Byte[]
114420,Backstab - PC → Lothric Priest,0,1442,1.5,0,110,0.5,0.65,110,0,30400,11000,0,0,70,70,1,0,230,0,1,0,0,1,0,0,0,0,0,0,0,230,0,1.5,0,45,0.4,0.55,70,-1,-1,System.Byte[]
114450,Backstab - PC → Large Devout of the Deep,0,1445,1.5,0,110,0.5,0.65,110,0,30400,11000,0,0,70,70,1,0,230,0,1,0,0,1,0,0,0,0,0,0,0,230,0,1.5,0,45,0.4,0.55,70,-1,-1,System.Byte[]
114460,Backstab - PC → Sage's Devout,0,1446,1.5,0,110,0.5,0.65,110,0,30400,11000,0,0,70,70,1,0,230,0,1,0,0,1,0,0,0,0,0,0,0,230,0,1.5,0,45,0.4,0.55,70,-1,-1,System.Byte[]
120300,Back PC → Salivan Reaper -- 背面　PC→サリヴァーンの死神,0,2030,1.5,0,110,0.5,0.65,110,0,30400,11000,0,0,70,70,1,0,230,0,1,0,0,1,0,0,0,0,0,0,0,230,0,1.5,0,45,0.4,0.55,70,-1,-1,System.Byte[]
122100,Backstab - PC → Corvian,0,2210,1.5,0,110,0.5,0.65,110,0,30400,11000,0,0,70,70,1,0,230,0,1,0,0,1,0,0,0,0,0,0,0,230,0,1.5,0,45,0.4,0.55,70,-1,-1,System.Byte[]
122300,Backstab - PC → Jailer,0,2230,1.5,0,110,0.5,0.65,110,0,30400,11000,0,0,70,70,1,0,230,0,1,0,0,1,0,0,0,0,0,0,0,230,0,1.5,0,45,0.4,0.55,70,-1,-1,System.Byte[]
130400,Backstab - PC → Abyss Watcher,0,3040,1.5,0,110,0.5,0.65,110,0,30400,11000,0,0,70,70,1,0,230,0,1,0,0,1,0,0,0,0,0,0,0,230,0,1.5,0,45,0.4,0.55,70,-1,-1,System.Byte[]
130700,Backstab - PC → Demon Cleric,0,3070,1.5,0,110,0.5,0.65,110,0,30400,11000,0,0,70,70,1,0,230,0,1,0,0,1,0,0,0,0,0,0,0,230,0,1.5,0,45,0.4,0.55,70,-1,-1,System.Byte[]
131700,Back PC → Dark Wraith -- 背面　PC→ダークレイス,0,3170,1.5,0,110,0.5,0.65,110,0,30400,11000,0,0,70,70,1,0,230,0,1,0,0,1,0,0,0,0,0,0,0,230,0,1.5,0,45,0.4,0.55,70,-1,-1,System.Byte[]
152200,Back PC → cardinal (long) -- 背面　PC→枢機卿団（長）,0,5220,1.5,0,110,0.5,0.65,110,0,30400,11000,0,0,70,70,1,0,230,0,1,0,0,1,0,0,0,0,0,0,0,230,0,1.5,0,45,0.4,0.55,70,-1,-1,System.Byte[]
152210,Back PC → cardinal (deb) -- 背面　PC→枢機卿団（デブ）,0,5221,1.5,0,110,0.5,0.65,110,0,30400,11000,0,0,70,70,1,0,230,0,1,0,0,1,0,0,0,0,0,0,0,230,0,1.5,0,45,0.4,0.55,70,-1,-1,System.Byte[]
152220,Back PC → cardinal (tall) -- 背面　PC→枢機卿団（のっぽ）,0,5222,1.5,0,110,0.5,0.65,110,0,30400,11000,0,0,70,70,1,0,230,0,1,0,0,1,0,0,0,0,0,0,0,230,0,1.5,0,45,0.4,0.55,70,-1,-1,System.Byte[]
152230,Back PC → cardinal (normal) -- 背面　PC→枢機卿団（通常）,0,5223,1.5,0,110,0.5,0.65,110,0,30400,11000,0,0,70,70,1,0,230,0,1,0,0,1,0,0,0,0,0,0,0,230,0,1.5,0,45,0.4,0.55,70,-1,-1,System.Byte[]
152250,Backstab - PC → Fat Deacon,0,5225,1.5,0,110,0.5,0.65,110,0,30400,11000,0,0,70,70,1,0,230,0,1,0,0,1,0,0,0,0,0,0,0,230,0,1.5,0,45,0.4,0.55,70,-1,-1,System.Byte[]
152260,Backstab - PC → Tall Deacon,0,5226,1.5,0,110,0.5,0.65,110,0,30400,11000,0,0,70,70,1,0,230,0,1,0,0,1,0,0,0,0,0,0,0,230,0,1.5,0,45,0.4,0.55,70,-1,-1,System.Byte[]
152270,Backstab - PC → Deacon,0,5227,1.5,0,110,0.5,0.65,110,0,30400,11000,0,0,70,70,1,0,230,0,1,0,0,1,0,0,0,0,0,0,0,230,0,1.5,0,45,0.4,0.55,70,-1,-1,System.Byte[]
160000,Backstab - PC → Farron Follower,0,6000,1.5,0,110,0.5,0.65,110,0,30400,11000,0,0,70,70,1,0,230,0,1,0,0,1,0,0,0,0,0,0,0,230,0,1.5,0,45,0.4,0.55,70,-1,-1,System.Byte[]
160200,Backstab - PC → Sister Friede,0,6020,1.8,0,110,0.5,0.65,110,0,30400,11000,0,0,70,70,1,0,230,0,1,0,0,1,0,0,0,0,0,0,0,230,0,1.5,0,45,0.4,0.55,70,-1,-1,System.Byte[]
160700,Backstab - PC → Corvian Knight,0,6070,1.5,0,110,0.5,0.65,110,0,30400,11000,0,0,70,70,1,0,230,0,1,0,0,1,0,0,0,0,0,0,0,230,0,1.5,0,45,0.4,0.55,70,-1,235,System.Byte[]
160800,Backstab - PC → Corvian Villager,0,6080,1.5,0,110,0.5,0.65,110,0,30400,11000,0,0,70,70,1,0,230,0,1,0,0,1,0,0,0,0,0,0,0,230,0,1.5,0,45,0.4,0.55,70,-1,-1,System.Byte[]
160801,Backstab - PC → Corvian Villager,0,6081,1.5,0,110,0.5,0.65,110,0,30400,11000,0,0,70,70,1,0,230,0,1,0,0,1,0,0,0,0,0,0,0,230,0,1.5,0,45,0.4,0.55,70,-1,-1,System.Byte[]
161000,Backstab - PC → Millwood Knight,0,6100,1.8,0,110,0.5,0.65,110,0,30400,11000,0,0,70,70,1,0,230,0,1,0,0,1,0,0,0,0,0,0,0,230,0,1.5,0,45,0.4,0.55,70,-1,-1,System.Byte[]
162300,Backstab - PC → Murkman,0,6230,1.5,0,110,0.5,0.65,110,0,30400,11000,0,0,70,70,1,0,230,0,1,0,0,1,0,0,0,0,0,0,0,230,0,1.5,0,45,0.4,0.55,70,-1,-1,System.Byte[]
162600,Backstab - PC → Ringed Knight,0,6260,1.5,0,110,0.5,0.65,110,0,30400,11000,0,0,70,70,1,0,230,0,1,0,0,1,0,0,0,0,0,0,0,230,0,1.5,0,45,0.4,0.55,70,-1,-1,System.Byte[]
162700,Backstab - PC → Lothric Thief,0,6270,1.5,0,110,0.5,0.65,110,0,30400,11000,0,0,70,70,1,0,230,0,1,0,0,1,0,0,0,0,0,0,0,230,0,1.5,0,45,0.4,0.55,70,-1,-1,System.Byte[]
210400,Paris PC → dead -- パリィ　PC→亡者,0,1040,1.5,90,180,0.65,0.65,60,0,30201,2510,0,0,70,70,1,0,246,0,8,0,0,1,0,0,0,0,0,0,0,246,0,0,0,0,0,0,0,-1,-1,System.Byte[]
210701,Paris PC → Skeleton -- パリィ　PC→スケルトン,0,1070,1.5,90,180,0.65,0.65,60,0,30201,11010,0,0,70,70,1,0,246,0,8,0,0,1,0,0,0,0,0,0,0,246,0,0,0,0,0,0,0,-1,-1,System.Byte[]
210710,Parry - PC → Skeleton,0,1071,1.5,90,180,0.65,0.65,60,0,30201,11010,0,0,70,70,1,0,246,0,8,0,0,1,0,0,0,0,0,0,0,246,0,0,0,0,0,0,0,-1,-1,System.Byte[]
211000,Paris PC → dead soldier -- パリィ　PC→亡者兵士,0,1100,1.5,90,180,0.65,0.65,60,0,30201,11010,0,0,70,70,1,0,246,0,8,0,0,1,0,0,0,0,0,0,0,246,0,0,0,0,0,0,0,-1,-1,System.Byte[]
211010,Parry - PC → Hollow soldier,0,1101,1.5,90,180,0.65,0.65,60,0,30201,11010,0,0,70,70,1,0,246,0,8,0,0,1,0,0,0,0,0,0,0,246,0,0,0,0,0,0,0,-1,-1,System.Byte[]
211020,Parry - PC → Hollow soldier,0,1102,1.5,90,180,0.65,0.65,60,0,30201,11010,0,0,70,70,1,0,246,0,8,0,0,1,0,0,0,0,0,0,0,246,0,0,0,0,0,0,0,-1,-1,System.Byte[]
211050,Paris PC → dead soldier (Large) -- パリィ　PC→亡者兵士（大）,0,1105,1.5,90,180,0.65,0.65,60,0,30201,11010,0,0,70,70,1,0,246,0,8,0,0,1,0,0,0,0,0,0,0,246,0,0,0,0,0,0,0,-1,-1,System.Byte[]
211060,Parry - PC → Large Hollow Soldier,0,1106,1.5,90,180,0.65,0.65,60,0,30201,11010,0,0,70,70,1,0,246,0,8,0,0,1,0,0,0,0,0,0,0,246,0,0,0,0,0,0,0,-1,-1,System.Byte[]
211100,Paris PC → Dark Knight -- パリィ　PC→ダークナイト,0,1110,1.5,90,180,0.65,0.65,60,0,30201,11010,0,0,70,70,1,0,246,0,8,0,0,1,0,0,0,0,0,0,0,246,0,0,0,0,0,0,0,-1,-1,System.Byte[]
211200,Paris PC → dead Knight -- パリィ　PC→亡者騎士,0,1120,1.5,90,180,0.65,0.65,60,0,30201,11010,0,0,70,70,1,0,246,0,8,0,0,1,0,0,0,0,0,0,0,246,0,0,0,0,0,0,0,-1,-1,System.Byte[]
211500,Paris PC → dead Shi -- パリィ　PC→亡者僧兵,0,1150,1.5,90,180,0.65,0.65,60,0,30201,11010,0,0,70,70,1,0,246,0,8,0,0,1,0,0,0,0,0,0,0,246,0,0,0,0,0,0,0,-1,-1,System.Byte[]
211700,Parry - PC → Carthus Swordsman,0,1170,1.5,90,180,0.65,0.65,60,0,30201,11010,0,0,70,70,1,0,246,0,8,0,0,1,0,0,0,0,0,0,0,246,0,0,0,0,0,0,0,-1,-1,System.Byte[]
211800,Paris PC → Skeleton Frontier -- パリィ　PC→スケルトン辺境,0,1180,1.5,90,180,0.65,0.65,60,0,30201,11010,0,0,70,70,1,0,246,0,8,0,0,1,0,0,0,0,0,0,0,246,0,0,0,0,0,0,0,-1,-1,System.Byte[]
211900,Paris PC → dead Priest Knight -- パリィ　PC→亡者僧騎士,0,1190,1.65,90,180,0.65,0.65,60,0,30201,11010,0,0,70,70,1,0,246,0,8,0,0,1,0,0,0,0,0,0,0,246,0,0,0,0,0,0,0,-1,-1,System.Byte[]
212000,Paris PC → dwarf people -- パリィ　PC→矮小人,0,1200,1.5,90,180,0.65,0.65,60,0,30201,11010,0,0,70,70,1,0,246,0,8,0,0,1,0,0,0,0,0,0,0,246,0,0,0,0,0,0,0,-1,-1,System.Byte[]
212010,Parry - PC → Hollow Slave,0,1201,1.5,90,180,0.65,0.65,60,0,30201,11010,0,0,70,70,1,0,246,0,8,0,0,1,0,0,0,0,0,0,0,246,0,0,0,0,0,0,0,-1,-1,System.Byte[]
212100,Paris PC → Blue -- パリィ　PC→ブルー,0,1210,1.5,90,180,0.65,0.65,60,0,30201,11010,0,0,70,70,1,0,246,0,8,0,0,1,0,0,0,0,0,0,0,246,0,0,0,0,0,0,0,-1,-1,System.Byte[]
212110,Parry - PC → Smouldering Ghru,0,1211,1.5,90,180,0.65,0.65,60,0,30201,11010,0,0,70,70,1,0,246,0,8,0,0,1,0,0,0,0,0,0,0,246,0,0,0,0,0,0,0,-1,-1,System.Byte[]
212300,Paris PC → Missionary -- パリィ　PC→宣教師,0,1230,1.5,90,180,0.65,0.65,60,0,30201,11010,0,0,70,70,1,0,246,0,8,0,0,1,0,0,0,0,0,0,0,246,0,0,0,0,0,0,0,-1,-1,System.Byte[]
212400,Paris PC → Poor dead -- パリィ　PC→貧民亡者,0,1240,1.5,90,180,0.65,0.65,60,0,30201,11010,0,0,70,70,1,0,246,0,8,0,0,1,0,0,0,0,0,0,0,246,0,0,0,0,0,0,0,-1,-1,System.Byte[]
212410,Parry - PC → Peasant Hollow,0,1241,1.5,90,180,0.65,0.65,60,0,30201,11010,0,0,70,70,1,0,246,0,8,0,0,1,0,0,0,0,0,0,0,246,0,0,0,0,0,0,0,-1,-1,System.Byte[]
212500,Paris PC → Poor dead elite -- パリィ　PC→貧民亡者エリート,0,1250,1.5,90,180,0.65,0.65,60,0,30201,11010,0,0,70,70,1,0,246,0,8,0,0,1,0,0,0,0,0,0,0,246,0,0,0,0,0,0,0,-1,-1,System.Byte[]
212600,Paris PC → Poor dead servant -- パリィ　PC→貧民亡者下男,0,1260,1.5,90,180,0.65,0.65,60,0,30201,11010,0,0,70,70,1,0,246,0,8,0,0,1,0,0,0,0,0,0,0,246,0,0,0,0,0,0,0,-1,-1,System.Byte[]
212800,Paris PC → New Ojo Knight -- パリィ　PC→新王城騎士,0,1280,1.5,90,180,0.65,0.65,60,0,30201,11010,0,0,70,70,1,0,246,0,8,0,0,1,0,0,0,0,0,0,0,246,0,0,0,0,0,0,0,-1,-1,System.Byte[]
212810,Parry - PC → Lothric Knight,0,1281,1.5,90,180,0.65,0.65,60,0,30201,11010,0,0,70,70,1,0,246,0,8,0,0,1,0,0,0,0,0,0,0,246,0,0,0,0,0,0,0,-1,-1,System.Byte[]
212820,Parry - PC → Lothric Knight,0,1282,1.5,90,180,0.65,0.65,60,0,30201,11010,0,0,70,70,1,0,246,0,8,0,0,1,0,0,0,0,0,0,0,246,0,0,0,0,0,0,0,-1,-1,System.Byte[]
212830,Parry - PC → Lothric Knight,0,1283,1.5,90,180,0.65,0.65,60,0,30201,11010,0,0,70,70,1,0,246,0,8,0,0,1,0,0,0,0,0,0,0,246,0,0,0,0,0,0,0,-1,-1,System.Byte[]
212900,Parry - PC → Winged Knight,0,1290,1.5,90,180,0.65,0.65,60,0,30201,11010,0,0,70,70,1,0,246,0,8,0,0,1,0,0,0,0,0,0,0,231,0,0,0,0,0,0,0,-1,-1,System.Byte[]
213000,Paris PC → Black Knight -- パリィ　PC→黒騎士,0,1300,1.5,90,180,0.65,0.65,60,0,30201,11010,0,0,70,70,1,0,246,0,8,0,0,1,0,0,0,0,0,0,0,246,0,0,0,0,0,0,0,-1,-1,System.Byte[]
213100,Parry - PC → Boreal Outrider Knight,0,1310,1.5,90,180,0.65,0.65,60,0,30201,11010,0,0,70,60,1,0,246,0,8,0,0,1,0,0,0,0,0,0,0,246,0,0,0,0,0,0,0,-1,-1,System.Byte[]
213400,Paris PC → dead Wax -- パリィ　PC→蝋の死人,0,1340,1.5,90,180,0.65,0.65,60,0,30201,11010,0,0,70,70,1,0,246,0,8,0,0,1,0,0,0,0,0,0,0,246,0,0,0,0,0,0,0,-1,-1,System.Byte[]
213500,Parry - PC → Irithyllian Slave,0,1350,1.5,90,180,0.65,0.65,60,0,30201,11010,0,0,70,70,1,0,246,0,8,0,0,1,0,0,0,0,0,0,0,246,0,0,0,0,0,0,0,-1,-1,System.Byte[]
213600,Parry - PC → Lycanthrope,0,1360,1.5,90,180,0.65,0.65,60,0,30201,11010,0,0,70,70,1,0,246,0,8,0,0,1,0,0,0,0,0,0,0,246,0,0,0,0,0,0,0,-1,-1,System.Byte[]
213900,Paris PC → Snake man assassin -- パリィ　PC→蛇人の暗殺者,0,1390,1.5,90,180,0.65,0.65,60,0,30201,11010,0,0,40,40,1,0,246,0,8,0,0,1,0,0,0,0,0,0,0,228,0,0,0,0,0,0,0,-1,-1,System.Byte[]
213910,Paris PC → Snake Assassin (Large) -- パリィ　PC→蛇人の暗殺者（大）,0,1391,2,90,180,0.65,0.65,60,0,30201,11010,0,0,70,70,1,0,245,0,8,0,0,1,0,0,0,0,0,0,0,232,0,0,0,0,0,0,0,-1,-1,System.Byte[]
214100,Paris PC → Silver Knight -- パリィ　PC→銀騎士,0,1410,1.5,90,180,0.65,0.65,60,0,30201,11010,0,0,70,70,1,0,246,0,8,0,0,1,0,0,0,0,0,0,0,246,0,0,0,0,0,0,0,-1,-1,System.Byte[]
214300,Parry - PC → Undead Cleric,0,1430,1.5,90,180,0.65,0.65,60,0,30201,11010,0,0,70,70,1,0,246,0,8,0,0,1,0,0,0,0,0,0,0,246,0,0,0,0,0,0,0,-1,-1,System.Byte[]
214400,Paris PC → Pilgrimage dead -- パリィ　PC→巡礼亡者,0,1440,1.5,90,180,0.65,0.65,60,0,30201,11010,0,0,70,70,1,0,246,0,8,0,0,1,0,0,0,0,0,0,0,246,0,0,0,0,0,0,0,-1,-1,System.Byte[]
214410,Parry - PC → Sage Prentice,0,1441,1.5,90,180,0.65,0.65,60,0,30201,11010,0,0,70,70,1,0,246,0,8,0,0,1,0,0,0,0,0,0,0,246,0,0,0,0,0,0,0,-1,-1,System.Byte[]
214420,Parry - PC → Lothric Priest,0,1442,1.5,90,180,0.65,0.65,60,0,30201,11010,0,0,70,70,1,0,246,0,8,0,0,1,0,0,0,0,0,0,0,246,0,0,0,0,0,0,0,-1,-1,System.Byte[]
214450,Parry - PC → Large Devout of the Deep,0,1445,1.5,90,180,0.65,0.65,60,0,30201,11010,0,0,70,70,1,0,246,0,8,0,0,1,0,0,0,0,0,0,0,246,0,0,0,0,0,0,0,-1,-1,System.Byte[]
214460,Parry - PC → Sage's Devout,0,1446,1.5,90,180,0.65,0.65,60,0,30201,11010,0,0,70,70,1,0,246,0,8,0,0,1,0,0,0,0,0,0,0,246,0,0,0,0,0,0,0,-1,-1,System.Byte[]
220300,Paris PC → Salivan's death -- パリィ　PC→サリヴァーンの死神,0,2030,1.5,90,180,0.65,0.65,60,0,30201,11010,0,0,70,70,1,0,246,0,8,0,0,1,0,0,0,0,0,0,0,246,0,0,0,0,0,0,0,-1,-1,System.Byte[]
221600,Paris PC → What you call caries (small) -- パリィ　PC→蝕を呼ぶもの（小）,0,2160,1.5,90,180,0.65,0.65,60,0,30201,11010,0,0,70,70,1,0,246,0,8,0,0,1,0,0,0,0,0,0,0,246,0,0,0,0,0,0,0,-1,-1,System.Byte[]
222100,Parry - PC → Corvian,0,2210,1.5,90,180,0.65,0.65,60,0,30201,11010,0,0,70,70,1,0,246,0,8,0,0,1,0,0,0,0,0,0,0,246,0,0,0,0,0,0,0,-1,-1,System.Byte[]
230400,Parry - PC → Abyss Watcher,0,3040,1.5,90,180,0.65,0.65,60,0,30201,11010,0,0,70,70,1,0,246,0,8,0,0,1,0,0,0,0,0,0,0,246,0,0,0,0,0,0,0,-1,-1,System.Byte[]
230700,Parry - PC → Demon Cleric,0,3070,1.5,90,180,0.65,0.65,60,0,30201,11010,0,0,70,70,1,0,246,0,8,0,0,1,0,0,0,0,0,0,0,246,0,0,0,0,0,0,0,-1,-1,System.Byte[]
231700,Paris PC → Dark Wraith -- パリィ　PC→ダークレイス,0,3170,1.5,90,180,0.65,0.65,60,0,30201,11010,0,0,70,70,1,0,246,0,8,0,0,1,0,0,0,0,0,0,0,246,0,0,0,0,0,0,0,-1,-1,System.Byte[]
252200,Paris PC → cardinal (long) -- パリィ　PC→枢機卿団（長）,0,5220,1.5,90,180,0.65,0.65,60,0,30201,11010,0,0,70,70,1,0,246,0,8,0,0,1,0,0,0,0,0,0,0,246,0,0,0,0,0,0,0,-1,-1,System.Byte[]
252210,Paris PC → cardinal (deb) -- パリィ　PC→枢機卿団（デブ）,0,5221,1.5,90,180,0.65,0.65,60,0,30201,11010,0,0,70,70,1,0,246,0,8,0,0,1,0,0,0,0,0,0,0,246,0,0,0,0,0,0,0,-1,-1,System.Byte[]
252220,Paris PC → cardinal (tall) -- パリィ　PC→枢機卿団（のっぽ）,0,5222,1.5,90,180,0.65,0.65,60,0,30201,11010,0,0,70,70,1,0,246,0,8,0,0,1,0,0,0,0,0,0,0,246,0,0,0,0,0,0,0,-1,-1,System.Byte[]
252230,Paris PC → cardinal (normal) -- パリィ　PC→枢機卿団（通常）,0,5223,1.5,90,180,0.65,0.65,60,0,30201,11010,0,0,70,70,1,0,246,0,8,0,0,1,0,0,0,0,0,0,0,246,0,0,0,0,0,0,0,-1,-1,System.Byte[]
252250,Parry - PC → Fat Deacon,0,5225,1.5,90,180,0.65,0.65,60,0,30201,11010,0,0,70,70,1,0,246,0,8,0,0,1,0,0,0,0,0,0,0,246,0,0,0,0,0,0,0,-1,-1,System.Byte[]
252260,Parry - PC → Tall Deacon,0,5226,1.5,90,180,0.65,0.65,60,0,30201,11010,0,0,70,70,1,0,246,0,8,0,0,1,0,0,0,0,0,0,0,246,0,0,0,0,0,0,0,-1,-1,System.Byte[]
252270,Parry - PC → Deacon,0,5227,1.5,90,180,0.65,0.65,60,0,30201,11010,0,0,70,70,1,0,246,0,8,0,0,1,0,0,0,0,0,0,0,246,0,0,0,0,0,0,0,-1,-1,System.Byte[]
260000,Parry - PC → Farron Follower,0,6000,1.5,90,180,0.65,0.65,60,0,30201,11010,0,0,70,70,1,0,246,0,8,0,0,1,0,0,0,0,0,0,0,246,0,0,0,0,0,0,0,-1,-1,System.Byte[]
260200,Parry - PC → Sister Friede,0,6020,1.5,90,180,0.65,0.65,60,0,30201,11010,0,0,70,70,1,0,246,0,8,0,0,1,0,0,0,0,0,0,0,246,0,0,0,0,0,0,0,-1,-1,System.Byte[]
260700,Parry - PC → Corvian Knight,0,6070,2.2,90,180,0.65,0.65,60,0,30201,11010,0,0,70,70,1,0,246,0,8,0,0,1,0,0,0,0,0,0,0,246,0,0,0,0,0,0,0,-1,-1,System.Byte[]
261000,Parry - PC → Millwood Knight,0,6100,2.5,90,180,0.65,0.65,60,0,30201,11010,0,0,70,70,1,0,246,0,8,0,0,1,0,0,0,0,0,0,0,246,0,0,0,0,0,0,0,-1,-1,System.Byte[]
262000,Parry - PC → Slave Knight Gael,0,6200,2.5,90,180,0.65,0.65,60,0,30201,11010,0,0,70,70,1,0,246,0,8,0,0,1,0,1,0,0,0,0,0,246,0,0,0,0,0,0,0,-1,-1,System.Byte[]
262300,Parry - PC → Murkman,0,6230,1.5,90,180,0.65,0.65,60,0,30201,11010,0,0,70,70,1,0,246,0,8,0,0,1,0,0,0,0,0,0,0,246,0,0,0,0,0,0,0,-1,-1,System.Byte[]
262600,Parry - PC → Ringed Knight,0,6260,1.5,90,180,0.65,0.65,60,0,30201,11010,0,0,70,70,1,0,246,0,8,0,0,1,0,0,0,0,0,0,0,246,0,0,0,0,0,0,0,-1,-1,System.Byte[]
262700,Parry - PC → Lothric Thief,0,6270,1.5,90,180,0.65,0.65,60,0,30201,11010,0,0,70,70,1,0,246,0,8,0,0,1,0,0,0,0,0,0,0,246,0,0,0,0,0,0,0,-1,-1,System.Byte[]
410700,Paris new skeleton → PC throwing -- パリィ　新スケルトン→PC 投げ,1070,0,4,0,180,0.65,0.65,180,0,4001,70010,50,100,70,70,3,0,0,230,8,1,0,0,0,0,0,0,0,0,0,231,0,0,0,0,0,0,0,-1,-1,System.Byte[]
410710,Parry - Skeleton → PC,1071,0,4,0,180,0.65,0.65,180,0,4001,70010,50,100,70,70,3,0,0,230,8,1,0,0,0,0,0,0,0,0,0,231,0,0,0,0,0,0,0,-1,-1,System.Byte[]
413900,Paris Assassin (shorty) → PC throwing -- パリィ　蛇人の暗殺者(ショーテル)→PC 投げ,1390,0,4,0,180,0.5,0.5,180,0,4001,70780,50,100,40,40,3,0,231,0,8,1,0,0,0,0,1,0,0,0,0,0,234,0,0,0,0,0,0,-1,-1,System.Byte[]
452800,Parry - Soul of Cinder → PC,5280,0,4,0,180,0.5,0.5,180,0,4001,71010,50,100,40,40,3,0,231,0,8,1,0,0,0,0,1,0,0,0,0,231,0,0,0,0,0,0,0,-1,-1,System.Byte[]
505000,Wolf → PC throwing -- ウルフ→PC　投げ,1050,0,10,0,180,0.35,0.5,180,1050,3401,70530,50,100,70,70,3,0,0,239,0,1,0,0,0,0,0,0,0,0,0,0,239,0,0,0,0,0,0,-1,-1,System.Byte[]
505110,Segunda → PC throwing -- グンダ→PC　投げ,5110,0,10,0,180,10,10,180,4100,4100,70540,50,100,70,70,3,0,230,0,0,1,0,0,0,0,1,0,0,0,0,230,0,0,0,0,0,0,0,-1,-1,System.Byte[]
505111,Segunda (snake spirits possession) → PC throwing -- グンダ（蛇霊憑き）→PC　投げ,5110,0,10,0,180,10,10,180,4101,4100,70550,50,100,110,10,3,0,231,0,0,1,0,0,0,0,1,0,0,0,0,231,0,0,0,0,0,0,0,-1,-1,System.Byte[]
510900,Dead soldier: Segunda state → PC throwing -- 亡者兵士:グンダ状態→PC　投げ,1090,0,10,0,180,0.35,0.5,180,4100,4100,70810,5,100,70,70,3,0,230,0,0,1,0,0,0,0,0,0,0,0,0,230,0,0,0,0,0,0,0,-1,-1,System.Byte[]
511000,Dead soldier: Dagger → PC throwing -- 亡者兵士:短剣→PC　投げ,1100,0,10,0,60,0.35,0.5,60,4100,4100,70820,50,100,70,70,3,0,230,0,0,1,0,0,0,0,0,0,0,0,0,230,0,0,0,0,0,0,0,-1,-1,System.Byte[]
511010,Throw - Hollow Soldier → PC,1101,0,10,0,60,0.35,0.5,60,4100,4100,70820,50,100,70,70,3,0,230,0,0,1,0,0,0,0,0,0,0,0,0,230,0,0,0,0,0,0,0,-1,-1,System.Byte[]
511020,Throw - Hollow Soldier → PC,1102,0,10,0,60,0.35,0.5,60,4100,4100,70820,50,100,70,70,3,0,230,0,0,1,0,0,0,0,0,0,0,0,0,230,0,0,0,0,0,0,0,-1,-1,System.Byte[]
511310,caries slugs → PC throwing -- 蝕ナメクジ→PC　投げ,1130,0,10,0,180,0.35,0.5,180,4100,4100,70560,5,100,70,70,3,0,230,0,0,1,0,0,0,0,0,0,0,0,0,230,0,0,0,0,0,0,0,-1,-1,System.Byte[]
511312,Caries slug (dead dumpling) → PC throwing -- 蝕ナメクジ（亡者団子）→PC　投げ,1132,0,10,0,180,0.35,0.5,180,4100,4100,70760,5,100,70,70,3,0,230,0,0,1,0,0,0,0,0,0,0,0,0,230,0,0,0,0,0,0,0,-1,-1,System.Byte[]
512000,Dwarf person → PC throwing -- 矮小人→PC 投げ,1200,0,10,0,60,0.35,0.5,90,4100,4100,70570,50,100,70,70,3,0,0,233,0,1,255,0,0,0,0,0,0,0,0,0,233,0,0,0,0,0,0,-1,-1,System.Byte[]
512010,Throw - Hollow Slave → PC,1201,0,10,0,60,0.35,0.5,90,4100,4100,70570,50,100,70,70,3,0,0,233,0,1,255,0,0,0,0,0,0,0,0,0,233,0,0,0,0,0,0,-1,-1,System.Byte[]
512100,Blue → PC throwing -- ブルー→PC 投げ,1210,0,10,0,180,0.35,0.5,180,4100,4100,70580,50,100,70,70,3,0,230,0,0,1,0,0,0,0,1,0,0,0,0,0,271,0,0,0,0,0,0,-1,-1,System.Byte[]
512101,Throw - Ghru → PC,1210,0,10,0,60,0.35,0.5,60,4101,4100,70820,50,100,70,70,3,0,230,0,0,1,0,0,0,0,0,0,0,0,0,230,0,0,0,0,0,0,0,-1,-1,System.Byte[]
512110,Throw - Smouldering Ghru → PC,1211,0,10,0,180,0.35,0.5,180,4100,4100,70580,50,100,70,70,3,0,230,0,0,1,0,0,0,0,1,0,0,0,0,0,271,0,0,0,0,0,0,-1,-1,System.Byte[]
512111,Throw - Smouldering Ghru → PC,1211,0,10,0,60,0.35,0.5,60,4101,4100,70820,50,100,70,70,3,0,230,0,0,1,0,0,0,0,0,0,0,0,0,230,0,0,0,0,0,0,0,-1,-1,System.Byte[]
512200,Resurrection → PC throwing -- よみがえり→PC　投げ,1220,0,10,0,180,0.35,0.5,180,4100,4100,70600,15,100,70,70,3,0,230,0,0,1,0,0,0,0,1,0,0,0,0,230,0,0,0,0,0,0,0,-1,-1,System.Byte[]
512300,Missionary → PC throwing -- 宣教師→PC 投げ,1230,0,10,0,180,0.35,0.5,180,4100,4100,70590,50,100,70,70,3,0,230,0,0,1,0,0,0,0,1,0,0,0,0,230,0,0,0,0,0,0,0,-1,-1,System.Byte[]
512400,Poor dead (bi-stiletto) → PC throwing -- 貧民亡者（双小剣）→PC 投げ,1240,0,10,0,60,0.35,0.5,90,4100,4100,70710,50,100,70,70,3,0,0,233,0,1,0,0,0,0,0,0,0,0,0,230,0,0,0,0,0,0,0,-1,-1,System.Byte[]
512410,Throw - Peasant Hollow → PC,1241,0,10,0,60,0.35,0.5,90,4100,4100,70710,50,100,70,70,3,0,0,233,0,1,0,0,0,0,0,0,0,0,0,230,0,0,0,0,0,0,0,-1,-1,System.Byte[]
513200,Crystal Elders → PC throwing -- 結晶の古老→PC 投げ,1320,0,10,0,180,1,1,180,4100,4100,70750,50,100,70,40,3,0,230,0,0,1,255,0,0,0,1,0,0,0,0,230,0,0,0,0,0,0,0,-1,-1,System.Byte[]
513210,Throw - Crystal Sage [Grand Archives] → PC,1321,0,10,0,180,1,1,180,4100,4100,70750,50,100,70,40,3,0,230,0,0,1,255,0,0,0,1,0,0,0,0,230,0,0,0,0,0,0,0,-1,-1,System.Byte[]
513500,Throw - Irithyllian Slave → PC,1350,0,10,0,180,10,10,180,4100,4100,70770,10,100,70,70,3,0,230,0,0,1,255,1,0,0,0,0,0,0,0,0,236,0,0,0,0,0,0,-1,-1,System.Byte[]
513600,Crucifixion dead A → PC throwing -- 磔亡者A→PC 投げ,1360,0,10,0,180,0.35,0.5,180,4100,4100,70740,50,100,70,70,3,0,230,0,0,1,0,0,0,0,0,0,0,0,0,230,0,0,0,0,0,0,0,-1,-1,System.Byte[]
513601,Throw - Lycanthrope → PC,1360,0,10,0,180,0.35,0.5,180,4110,4110,71030,50,100,70,70,3,0,230,0,0,1,0,0,0,0,0,0,0,0,0,230,0,0,0,0,0,0,0,-1,-1,System.Byte[]
513910,Snake man Assassin (kusarigama) → PC throwing -- 蛇人の暗殺者(鎖鎌)→PC 投げ,1391,0,10,0,180,0.35,0.5,180,4100,4100,70790,50,100,70,70,3,0,0,230,0,1,255,0,0,0,1,0,0,0,0,230,0,0,0,0,0,0,0,-1,-1,System.Byte[]
514300,Throw - Undead Cleric → PC,1430,0,10,0,60,0.35,0.5,60,4100,4100,70820,50,100,70,70,3,0,230,0,0,1,0,0,0,0,0,0,0,0,0,230,0,0,0,0,0,0,0,-1,-1,System.Byte[]
514400,Throw - Devout of the Deep → PC,1440,0,10,0,60,0.35,0.5,60,4100,4100,70820,50,100,70,70,3,0,230,0,0,1,0,0,0,0,0,0,0,0,0,230,0,0,0,0,0,0,0,-1,-1,System.Byte[]
514410,Throw - Sage Prentice → PC,1441,0,10,0,60,0.35,0.5,60,4100,4100,70820,50,100,70,70,3,0,230,0,0,1,0,0,0,0,0,0,0,0,0,230,0,0,0,0,0,0,0,-1,-1,System.Byte[]
520400,Hungry jack (small) → PC throwing -- はらぺこジャック（小）→PC　投げ,2040,0,3.5,0,180,1,1,180,4100,4100,70640,20,100,80,40,3,0,230,0,0,1,255,0,0,0,1,0,0,0,0,230,0,0,0,0,0,0,0,-1,-1,System.Byte[]
520600,Resurrection (main body) → PC throwing -- よみがえり（本体）→PC　投げ,2060,0,10,0,180,0.35,0.5,180,4100,4100,70600,25,100,70,70,3,0,230,0,0,1,0,0,0,0,0,0,0,0,0,230,0,0,0,0,0,0,0,-1,-1,System.Byte[]
520800,Dead dog (maggots belly) → PC throwing -- 亡者犬（蛆腹）→PC　投げ,2080,0,10,0,180,0.35,0.5,180,4100,4100,70610,15,100,70,70,3,0,230,0,0,1,0,0,0,0,0,0,0,0,0,230,0,0,0,0,0,0,0,-1,-1,System.Byte[]
521200,Mimic hug → PC toss -- ミミック　抱きつく→PC 投げ,2120,0,10,0,180,0.35,0.5,180,4100,4100,70850,50,100,70,40,3,0,230,0,0,1,0,0,0,0,1,0,0,0,0,230,0,0,0,0,0,0,0,-1,-1,System.Byte[]
521201,Mimic jumped → PC throwing -- ミミック　飛びつき→PC 投げ,2120,0,10,0,180,0.35,0.35,45,4110,4100,70910,50,100,50,50,3,0,230,0,0,1,0,0,0,0,1,0,0,0,0,230,0,0,0,0,0,0,0,-1,-1,System.Byte[]
521202,Mimic back bit → PC throwing -- ミミック　背面噛み付き→PC 投げ,2120,0,10,0,180,0.35,0.5,180,4120,4110,70920,50,100,20,20,3,0,230,0,0,1,255,0,0,0,1,0,0,0,0,230,0,0,0,0,0,0,0,-1,-1,System.Byte[]
521203,Mimic mimicry 1 → PC throwing -- ミミック　擬態1→PC 投げ,2120,0,10,0,180,0.35,0.5,180,4130,4100,70860,50,100,70,40,3,0,230,0,0,1,255,0,0,0,1,0,0,0,0,230,0,0,0,0,0,0,0,-1,-1,System.Byte[]
521204,Mimic mimicry 2 → PC throwing -- ミミック　擬態2→PC 投げ,2120,0,10,0,180,0.35,0.5,180,4140,4110,70930,50,100,70,40,3,0,230,0,0,1,255,0,0,0,1,0,0,0,0,230,0,0,0,0,0,0,0,-1,-1,System.Byte[]
521300,Wriggles carrion → PC fall Throw -- 蠢く腐肉→PC　落下時投げ,2130,0,10,0,180,10,10,180,4100,4100,70300,30,100,70,40,3,0,230,0,0,1,0,0,0,0,0,0,0,0,0,0,236,0,0,0,0,0,0,-1,-1,System.Byte[]
521301,Wriggles carrion → PC fell down crowded throw -- 蠢く腐肉→PC　倒れこみ投げ,2130,0,10,0,180,0.35,0.5,180,4110,4110,70310,50,100,70,70,3,0,230,0,0,1,0,0,0,0,0,0,0,0,0,230,0,0,0,0,0,0,0,-1,-1,System.Byte[]
521310,Throw - Writhing Rotten Flesh → PC,2131,0,10,0,180,10,10,180,4100,4100,70300,30,100,70,40,3,0,230,0,0,1,0,0,0,0,0,0,0,0,0,0,236,0,0,0,0,0,0,-1,-1,System.Byte[]
521311,Throw - Writhing Rotten Flesh → PC,2131,0,10,0,180,0.35,0.5,180,4110,4110,70310,50,100,70,70,3,0,230,0,0,1,0,0,0,0,0,0,0,0,0,230,0,0,0,0,0,0,0,-1,-1,System.Byte[]
521320,Throw - Smouldering Rotten Flesh → PC,2132,0,10,0,180,10,10,180,4100,4100,70300,30,100,70,40,3,0,230,0,0,1,0,0,0,0,0,0,0,0,0,0,236,0,0,0,0,0,0,-1,-1,System.Byte[]
522000,Sand worm → PC throwing -- サンドワーム→PC　投げ,2200,0,10,0,180,10,10,180,4100,4100,70700,50,100,70,70,3,0,230,0,0,1,0,0,0,1,0,0,0,0,0,230,0,0,0,0,0,0,0,-1,-1,System.Byte[]
522010,Sand worm (parent) → PC throwing -- サンドワーム（親）→PC　投げ,2201,0,10,0,180,10,10,180,4100,4100,70700,50,100,70,70,3,0,230,0,0,1,0,0,0,1,0,0,0,0,0,230,0,0,0,0,0,0,0,-1,-1,System.Byte[]
522300,New Shing → PC throwing (front judgment) -- 新獄吏→PC　投げ（正面判定）,2230,0,2,0,180,0.5,0.5,60,4100,4120,70970,50,100,70,70,3,0,230,0,0,1,255,0,0,1,0,0,0,0,0,0,0,0,0,0,0,0,0,-1,-1,System.Byte[]
522301,New Shing → PC throw (back judgment) -- 新獄吏→PC　投げ（背面判定）,2230,0,10,90,180,10,10,60,4110,4100,70940,50,100,70,70,3,0,230,0,0,1,255,0,0,1,0,0,0,0,0,0,0,0,0,0,0,0,0,-1,-1,System.Byte[]
522302,Throw - Jailer → PC,2230,0,10,0,90,10,10,90,4110,4110,70950,50,100,70,70,3,0,230,0,0,1,255,0,0,1,0,0,0,0,0,0,0,0,0,0,0,0,0,-1,-1,System.Byte[]
522500,Tindalos → PC throwing -- ティンダロス→PC　投げ,2250,0,10,0,180,0.35,0.5,180,4100,4100,70730,50,100,70,70,3,0,230,0,0,1,0,0,0,1,1,0,0,0,0,230,0,0,0,0,0,0,0,-1,-1,System.Byte[]
522700,Stench Crab → PC toss -- 死臭蟹→PC  投げ,2270,0,10,0,180,0.35,0.5,180,4100,4100,70900,50,100,70,70,3,0,230,0,0,1,0,0,0,1,1,0,0,0,0,230,0,0,0,0,0,0,0,-1,-1,System.Byte[]
530201,Golem → Throw from the PC probe -- ゴーレム→PC　探りからの投げ,3020,0,10,0,180,10,10,180,4100,4100,70620,50,100,40,20,3,0,230,0,0,1,255,0,0,0,1,0,0,0,0,230,0,0,0,0,0,0,0,-1,-1,System.Byte[]
530210,Golem (Large) → PC throwing -- ゴーレム（大）→PC 投げ,3021,0,100,0,180,100,10,180,4100,4100,70800,50,100,70,70,3,0,230,0,0,1,255,0,0,1,1,0,0,0,0,230,0,0,0,0,0,0,0,-1,-1,System.Byte[]
530400,Observer → PC thrower -- 監視者→PC　投げ,3040,0,10,0,180,0.35,0.5,180,4100,4100,70660,50,100,70,70,3,0,230,0,0,1,0,0,0,0,0,0,0,0,0,230,0,0,0,0,0,0,0,-1,-1,System.Byte[]
530800,Butterfly of caries → PC throwing -- 蝕の蝶→PC　投げ,3080,0,10,0,180,10,10,180,4100,4100,70690,50,100,70,70,3,0,230,0,0,1,0,0,0,1,0,0,0,0,0,230,0,0,0,0,0,0,0,-1,-1,System.Byte[]
531700,Dark Wraith → PC Toss -- ダークレイス→PC　投げ,3170,0,10,0,180,0.2,0.35,180,4100,4100,70830,50,100,70,70,3,0,230,0,0,1,0,0,0,0,1,0,0,0,0,230,0,0,0,0,0,0,0,-1,-1,System.Byte[]
550100,King of the Storm → PC throwing -- 嵐の王→PC　投げ,5010,0,10,0,180,0.35,0.5,180,4100,4100,70650,50,100,70,70,3,0,230,0,0,1,0,0,0,0,1,0,0,0,0,230,0,0,0,0,0,0,0,-1,-1,System.Byte[]
550101,Throw - Nameless King → PC,5010,0,10,0,180,0.35,0.5,180,4110,4110,70650,50,100,70,70,3,0,230,0,0,1,0,0,0,0,1,0,0,0,0,230,0,0,0,0,0,0,0,-1,-1,System.Byte[]
550200,Throw - Demon Prince → PC,5020,0,20,0,180,0.5,0.5,180,4100,4100,71110,0,0,70,70,3,0,0,0,0,0,0,0,0,1,1,0,0,0,0,230,0,0,0,0,0,0,0,-1,-1,System.Byte[]
550201,Throw - Demon Prince → PC,5020,0,20,0,180,0.5,0.5,180,4110,4110,71120,0,0,70,70,3,0,0,0,0,0,0,0,0,1,1,0,0,0,0,231,0,0,0,0,0,0,0,-1,-1,System.Byte[]
551400,The old king of caries → PC throwing -- 蝕の老王→PC　投げ,5140,0,10,0,180,10,10,180,4100,4100,70630,50,100,110,70,3,0,230,0,0,1,255,0,0,0,1,0,0,0,0,230,0,0,0,0,0,0,0,-1,-1,System.Byte[]
551800,Colossus → PC throwing -- 巨像→PC　投げ,5180,0,10,0,180,10,10,180,4100,4100,70670,50,100,70,70,3,0,230,0,0,1,255,0,0,1,1,0,0,0,0,230,0,0,0,0,0,0,0,-1,-1,System.Byte[]
552000,Throw - Stray Demon → PC,5200,0,10,0,180,10,10,180,4100,4100,70980,30,100,70,70,3,0,230,0,0,1,0,0,0,1,1,0,0,0,0,230,0,0,0,0,0,0,0,-1,-1,System.Byte[]
552400,Moonlight Witch → PC throwing -- 月光の魔女→PC　投げ,5240,0,10,0,180,10,10,180,4100,4100,70840,50,100,10,10,3,0,230,0,0,1,0,0,0,0,1,0,0,0,0,230,0,0,0,0,0,0,0,-1,-1,System.Byte[]
552700,Tracker → PC throwing -- 追跡者→PC　投げ,5270,0,10,0,180,10,10,180,4100,4100,70500,50,100,70,70,3,0,230,0,0,1,255,0,0,1,1,0,0,0,0,230,0,0,0,0,0,0,0,-1,-1,System.Byte[]
552701,Tracker Hu → PC throwing -- 追跡者HU→PC　投げ,5270,0,10,0,180,10,10,180,4101,4100,70520,50,100,70,70,3,0,231,0,0,1,255,0,0,1,0,0,0,0,0,231,0,0,0,0,0,0,0,-1,-1,System.Byte[]
552800,Throw - Soul of Cinder → PC,5280,0,10,0,180,10,10,180,4100,4100,71000,0,0,70,70,3,0,230,0,0,0,0,0,0,1,1,0,0,0,0,230,0,0,0,0,0,0,0,-1,-1,System.Byte[]
552801,Throw - Soul of Cinder → PC,5280,0,10,0,180,10,10,180,4101,4100,71020,0,0,70,70,3,0,230,0,0,0,0,0,0,1,1,0,0,0,0,230,0,0,0,0,0,0,0,-1,-1,System.Byte[]
560200,Throw - Sister Friede → PC,6020,0,10,0,180,10,10,180,4100,4100,71060,30,100,70,70,3,0,231,0,0,1,0,0,0,0,1,0,0,0,0,231,0,0,0,0,0,0,0,-1,-1,System.Byte[]
560201,Throw - Sister Friede → PC,6020,0,10,0,180,10,10,180,4101,4100,71070,30,100,70,70,3,0,230,0,0,1,0,0,0,0,1,0,0,0,0,0,249,0,0,0,0,0,0,-1,-1,System.Byte[]
560600,Throw - Tree Woman → PC,6060,0,10,0,180,10,10,180,4100,4100,71040,0,100,70,70,3,0,231,0,0,1,0,0,0,0,1,0,0,0,0,231,0,0,0,0,0,0,0,-1,-1,System.Byte[]
560700,Throw - Corvian Knight → PC,6070,0,4,0,180,0.5,0.5,180,0,4001,70010,0,100,40,40,3,0,231,0,8,1,0,0,0,0,1,0,0,0,0,0,234,0,0,0,0,0,0,-1,-1,System.Byte[]
560701,Throw - Corvian Knight → PC,6070,0,10,0,60,0.5,0.5,60,4100,4100,71080,0,100,70,70,3,0,0,233,8,1,1,0,0,0,0,0,0,0,0,0,233,0,0,0,0,0,0,-1,-1,System.Byte[]
560702,Throw - Corvian Knight → PC,6070,0,10,0,60,0.5,0.5,60,4101,4100,71080,0,100,70,70,3,0,0,233,0,1,1,0,0,0,0,0,0,0,0,0,233,0,0,0,0,0,0,-1,-1,System.Byte[]
560703,Throw - Corvian Knight → PC,6070,0,10,0,180,10,10,180,4110,4110,71050,20,100,70,70,3,0,0,233,0,1,0,0,0,0,1,0,0,0,0,0,234,0,0,0,0,0,0,-1,-1,System.Byte[]
560900,Throw - Giant Fly → PC,6090,0,10,90,180,0.5,0.5,60,4100,4100,71090,0,100,70,70,3,0,231,0,0,1,0,0,0,0,1,0,0,0,0,231,0,0,0,0,0,0,0,-1,-1,System.Byte[]
562010,Throw - Slave Knight Gael → PC,6201,0,20,0,180,3,3,180,4100,4100,71140,0,100,70,70,3,0,0,0,0,1,0,0,0,1,1,0,0,0,0,230,0,0,0,0,0,0,0,-1,-1,System.Byte[]
562310,Throw - Murkman → PC,6231,0,10,0,180,0.5,0.5,180,4100,4100,71100,14,100,70,70,3,0,0,0,0,1,0,0,0,0,1,0,0,0,0,235,0,0,0,0,0,0,0,-1,-1,System.Byte[]
562700,Throw - Lothric Thief → PC,6270,0,10,0,180,1,1,180,4100,4100,71130,0,0,70,70,3,0,0,0,0,0,0,0,0,0,1,0,0,0,0,0,232,0,0,0,0,0,0,-1,-1,System.Byte[]
563300,Throw - Big Locust → PC,6330,0,10,0,180,0.5,0.5,180,4100,4100,71150,0,100,70,70,3,0,0,0,0,1,0,0,0,0,1,0,0,0,0,230,0,0,0,0,0,0,0,-1,-1,System.Byte[]
613200,Throw - PC → Crystal Sage,0,1320,2.8,70,180,1,1,180,0,30410,11010,0,0,40,30,1,0,0,232,8,0,255,0,0,1,1,0,0,0,0,0,230,0,0,0,0,0,0,-1,-1,System.Byte[]
613210,Throw - PC → Crystal Sage [Grand Archives],0,1321,2.8,70,180,1,1,180,0,30410,11010,0,0,40,30,1,0,0,232,8,0,255,0,0,1,1,0,0,0,0,0,230,0,0,0,0,0,0,-1,-1,System.Byte[]
620400,PC → Hungry Jack (small) Large throw -- PC→はらぺこジャック（小）　大型投げ,0,2040,2.5,70,180,1.5,1.5,180,0,30410,11010,0,0,40,30,1,0,0,232,8,0,255,0,0,1,1,0,0,0,0,0,230,0,0,0,0,0,0,-1,-1,System.Byte[]
620900,Throw - PC → Oceiros, the Consumed King,0,2090,2.5,0,180,1,1,180,0,30410,11010,0,0,40,30,1,0,0,232,8,0,255,0,0,1,1,0,0,0,0,0,230,0,0,0,0,0,0,-1,235,System.Byte[]
621900,Throw - PC → Oceiros, the Consumed King,0,2190,2.5,70,180,1,1,180,0,30410,11010,0,0,40,30,1,0,0,232,8,0,255,0,0,1,1,0,0,0,0,0,230,0,0,0,0,0,0,-1,-1,System.Byte[]
622400,Throw - PC → Vordt of the Boreal Valley,0,2240,2.5,0,180,1,1,180,0,30410,11010,0,0,40,30,1,0,0,232,8,0,255,0,0,1,1,0,0,0,0,0,230,0,0,0,0,0,0,-1,235,System.Byte[]
622500,PC → Tindalos Large Throw -- PC→ティンダロス　大型投げ,0,2250,2.8,70,180,2,2,180,0,30410,11010,0,0,40,30,1,0,0,232,8,0,255,0,0,1,1,0,0,0,0,0,230,0,0,0,0,0,0,-1,-1,System.Byte[]
622700,Throw - PC → Giant Crab,0,2270,2.8,70,180,2,2,180,0,30410,11010,0,0,40,30,1,0,0,232,8,0,255,0,0,1,1,0,0,0,0,0,230,0,0,0,0,0,0,-1,-1,System.Byte[]
630200,PC → Golem Large Throw -- PC→ゴーレム　大型投げ,0,3020,2.5,0,180,1,1,180,0,30410,11010,0,0,40,30,1,0,0,232,8,0,255,0,0,1,1,0,0,0,0,0,230,0,0,0,0,0,0,-1,235,System.Byte[]
630500,PC → Ash daemon Large throw -- PC→灰のデーモン　大型投げ,0,3050,2.5,0,180,1,1,180,0,30410,11010,0,0,40,30,1,0,0,232,8,0,255,0,0,1,1,0,0,0,0,0,230,0,0,0,0,0,0,-1,235,System.Byte[]
630600,Throw - PC → Demon,0,3060,2.5,0,180,2,2,180,0,30410,11010,0,0,40,30,1,0,0,232,8,0,255,0,0,1,1,0,0,0,0,0,230,0,0,0,0,0,0,-1,235,System.Byte[]
631000,Throw - PC → Giant Crystal Lizard,0,3100,2.5,70,180,1,1,180,0,30410,11010,0,0,40,30,1,0,0,232,8,0,255,0,0,1,1,0,0,0,0,0,230,0,0,0,0,0,0,-1,-1,System.Byte[]
631100,PC → large spider throw of caries -- PC→蝕の蜘蛛　大型投げ,0,3110,2.5,0,180,2,2,180,0,30410,11010,0,0,40,30,1,0,0,232,8,0,255,0,0,1,1,0,0,0,0,0,230,0,0,0,0,0,0,-1,235,System.Byte[]
631200,PC → Sacred beast Large throw of forest -- PC→森の霊獣　大型投げ,0,3120,2.5,0,180,2,2,180,0,30410,11010,0,0,40,30,1,0,0,232,8,0,255,0,0,1,1,0,0,0,0,0,230,0,0,0,0,0,0,-1,235,System.Byte[]
650100,Throw - PC → Nameless King,0,5010,2.2,70,180,1,1,180,0,30410,11010,0,0,40,30,1,0,0,232,8,0,255,0,0,1,1,0,0,0,0,0,230,0,0,0,0,0,0,-1,-1,System.Byte[]
650200,Throw - PC → Demon Prince,0,5020,3,0,180,2,2,180,0,30410,11010,0,0,40,30,1,0,0,232,8,0,255,0,0,1,1,0,0,0,0,0,232,0,0,0,0,0,0,-1,233,System.Byte[]
650300,PC → Storm King (cowgirl) Large throw -- PC→嵐の王（騎乗）　大型投げ,0,5030,3.5,0,180,3,3,180,0,30410,11010,0,0,40,30,1,0,0,232,8,0,255,0,0,1,1,0,0,0,0,0,230,0,0,0,0,0,0,-1,28,System.Byte[]
651100,Throw - PC → Iudex Gundyr,0,5110,2.2,70,180,1,1,180,0,30410,11010,0,0,40,30,1,0,0,232,8,0,255,0,0,1,1,0,0,0,0,0,232,0,0,0,0,0,0,-1,-1,System.Byte[]
651200,PC → Snake spirit large throw -- PC→蛇霊　大型投げ,0,5120,5,120,180,2,2,180,0,30410,11010,0,0,40,30,1,0,0,232,8,0,255,0,0,1,1,0,0,0,0,0,230,0,0,0,0,0,0,-1,235,System.Byte[]
651400,Throw - PC → Pontiff Sulyvahn,0,5140,2.2,70,180,2,2,180,0,30410,11010,0,0,40,30,1,0,0,232,8,0,255,0,0,1,1,0,0,0,0,0,230,0,0,0,0,0,0,-1,-1,System.Byte[]
652000,Throw - PC → Stray Demon,0,5200,2.5,0,180,2,2,180,0,30410,11010,0,0,40,30,1,0,0,232,8,0,255,0,0,1,1,0,0,0,0,0,231,0,0,0,0,0,0,-1,235,System.Byte[]
652500,PC → Prince of Darkness big throw -- PC→闇の双皇子　大型投げ,0,5250,2.2,70,180,2,2,180,0,30410,11010,0,0,40,30,1,0,0,232,8,0,255,0,0,1,1,0,0,0,0,0,230,0,0,0,0,0,0,-1,-1,System.Byte[]
652520,,0,5252,3,0,180,3,3,180,0,30410,11010,0,0,40,30,1,0,0,184,8,0,255,0,0,1,1,0,0,0,0,0,230,0,0,0,0,0,0,-1,-1,System.Byte[]
652600,PC → Mad Warrior Hallec Large Throw -- PC→狂戦士ハレック　大型投げ,0,5260,2.8,0,180,1,1,180,0,30410,11010,0,0,40,30,1,0,0,230,8,0,255,0,0,1,1,0,0,0,0,0,230,0,0,0,0,0,0,-1,235,System.Byte[]
652700,PC → tracker Large Throw -- PC→追跡者　大型投げ,0,5270,2.5,0,180,0.5,0.3,180,0,30410,11010,0,0,40,30,1,0,0,232,8,0,255,0,0,1,1,0,0,0,0,0,232,0,0,0,0,0,0,-1,235,System.Byte[]
652800,Throw - PC → Soul of Cinder,0,5280,1.8,120,180,1,1,180,0,30410,11010,0,0,40,30,1,0,0,232,8,0,255,0,0,1,1,0,0,0,0,0,230,0,0,0,0,0,0,-1,-1,System.Byte[]
660100,Throw - PC → Father Ariandel,0,6010,2.5,0,180,2,2,180,0,30410,11010,0,0,40,30,1,0,0,232,8,0,255,0,0,1,1,0,0,0,0,0,230,0,0,0,0,0,0,-1,235,System.Byte[]
660300,Throw - PC → Gravetender Greatwolf,0,6030,2.5,0,180,2,2,180,0,30410,11010,0,0,40,30,1,0,0,232,8,0,255,0,0,1,1,0,0,0,0,0,230,0,0,0,0,0,0,-1,235,System.Byte[]
661300,Throw - PC → Giant Crab [Ariandel],0,6130,2.8,70,180,2,2,180,0,30410,11010,0,0,40,30,1,0,0,232,8,0,255,0,0,1,1,0,0,0,0,0,230,0,0,0,0,0,0,-1,-1,System.Byte[]
662100,Throw - PC → Darkeater Midir [Bridge],0,6210,2.5,0,90,2,2,180,0,30420,11010,0,0,40,30,1,0,0,232,8,0,255,0,0,1,1,0,0,0,0,0,230,0,0,0,0,0,0,-1,230,System.Byte[]
662101,Throw - PC → Darkeater Midir [Bridge],0,6210,2.8,0,180,2,2,180,0,30420,11000,0,0,40,30,1,0,0,232,8,0,255,0,0,1,1,0,0,0,0,0,231,0,0,0,0,0,0,-1,231,System.Byte[]
662110,Throw - Darkeater Midir → PC,6211,0,20,0,180,0.5,0.5,180,4100,4100,71160,0,0,70,70,3,0,0,0,0,0,0,0,0,1,1,0,0,0,0,231,0,0,0,0,0,0,0,-1,-1,System.Byte[]
662111,Throw - PC → Darkeater Midir,0,6211,2.5,60,180,2,2,180,0,30420,11010,0,0,40,30,1,0,0,232,8,0,255,0,0,1,1,0,0,0,0,0,232,0,0,0,0,0,0,-1,232,System.Byte[]
663200,Throw - PC → Harald Knight,0,6320,1.5,0,180,2,2,180,0,30410,11010,0,0,40,30,1,0,0,232,8,0,255,0,0,1,1,0,0,0,0,0,230,0,0,0,0,0,0,-1,230,System.Byte[]
731410,Fall - PC → Ancient Wyvern,0,3141,5.5,0,180,3,3,180,1,30860,11000,0,0,40,30,1,0,0,232,10,0,255,0,0,1,0,0,0,0,0,0,235,0,0,0,0,0,0,-1,7,System.Byte[]
763200,Fall - PC → Harald Knight,0,6320,10,0,180,10,10,180,1,30870,11000,0,0,40,30,1,0,0,0,10,0,255,0,0,1,0,0,0,0,0,0,235,0,0,0,0,0,0,-1,260,System.Byte[]
1000100,,0,0,1.5,0,180,0.5,0.65,180,0,30401,70020,0,0,70,70,1,0,230,0,11,0,0,0,0,0,0,0,0,0,0,230,0,1.5,0,35,0.4,0.55,70,-1,-1,System.Byte[]
1000101,,0,0,1.5,90,180,0.5,0.65,60,0,30202,70030,0,0,70,70,1,0,231,0,12,0,0,0,0,0,0,0,0,0,0,246,0,0,0,0,0,0,0,-1,-1,System.Byte[]
1000110,,0,0,1.5,0,180,0.1,0.65,180,10,40021,70100,0,0,70,70,1,0,231,0,16,0,0,0,1,0,0,0,0,0,0,238,0,0,0,0,0,0,0,-1,-1,System.Byte[]
1107000,,0,1070,1.5,0,110,0.5,0.65,110,0,30402,11000,0,0,70,70,1,0,230,0,11,0,0,1,0,0,0,0,0,0,0,230,0,1.5,0,45,0.4,0.55,70,-1,-1,System.Byte[]
1110400,,0,1040,1.5,0,110,0.5,0.65,110,0,30402,2500,0,0,70,70,1,0,230,0,11,0,0,1,0,0,0,0,0,0,0,230,0,1.5,0,45,0.4,0.55,70,-1,-1,System.Byte[]
1110710,,0,1071,1.5,0,110,0.5,0.65,110,0,30402,11000,0,0,70,70,1,0,230,0,11,0,0,1,0,0,0,0,0,0,0,230,0,1.5,0,45,0.4,0.55,70,-1,-1,System.Byte[]
1111000,,0,1100,1.5,0,110,0.5,0.65,110,0,30402,11000,0,0,70,70,1,0,230,0,11,0,0,1,0,0,0,0,0,0,0,230,0,1.5,0,45,0.4,0.55,70,-1,-1,System.Byte[]
1111010,,0,1101,1.5,0,110,0.5,0.65,110,0,30402,11000,0,0,70,70,1,0,230,0,11,0,0,1,0,0,0,0,0,0,0,230,0,1.5,0,45,0.4,0.55,70,-1,-1,System.Byte[]
1111020,,0,1102,1.5,0,110,0.5,0.65,110,0,30402,11000,0,0,70,70,1,0,230,0,11,0,0,1,0,0,0,0,0,0,0,230,0,1.5,0,45,0.4,0.55,70,-1,-1,System.Byte[]
1111050,,0,1105,1.5,0,110,0.5,0.65,110,0,30402,11000,0,0,70,70,1,0,230,0,11,0,0,1,0,0,0,0,0,0,0,230,0,1.5,0,45,0.4,0.55,70,-1,-1,System.Byte[]
1111060,,0,1106,1.5,0,110,0.5,0.65,110,0,30402,11000,0,0,70,70,1,0,230,0,11,0,0,1,0,0,0,0,0,0,0,230,0,1.5,0,45,0.4,0.55,70,-1,-1,System.Byte[]
1111100,,0,1110,1.5,0,110,0.5,0.65,110,0,30402,11000,0,0,70,70,1,0,230,0,11,0,0,1,0,0,0,0,0,0,0,230,0,1.5,0,45,0.4,0.55,70,-1,-1,System.Byte[]
1111200,,0,1120,1.5,0,110,0.5,0.65,110,0,30402,11000,0,0,70,70,1,0,230,0,11,0,0,1,0,0,0,0,0,0,0,230,0,1.5,0,45,0.4,0.55,70,-1,-1,System.Byte[]
1111500,,0,1150,1.5,0,110,0.5,0.65,110,0,30402,11000,0,0,70,70,1,0,230,0,11,0,0,1,0,0,0,0,0,0,0,230,0,1.5,0,45,0.4,0.55,70,-1,-1,System.Byte[]
1111700,,0,1170,1.5,0,110,0.5,0.65,110,0,30402,11000,0,0,70,70,1,0,230,0,11,0,0,1,0,0,0,0,0,0,0,230,0,1.5,0,45,0.4,0.55,70,-1,-1,System.Byte[]
1111800,,0,1180,1.5,0,110,0.5,0.65,110,0,30402,11000,0,0,70,70,1,0,230,0,11,0,0,1,0,0,0,0,0,0,0,230,0,1.5,0,45,0.4,0.55,70,-1,-1,System.Byte[]
1111900,,0,1190,1.5,0,110,0.5,0.65,110,0,30402,11000,0,0,70,70,1,0,230,0,11,0,0,1,0,0,0,0,0,0,0,230,0,1.5,0,45,0.4,0.55,70,-1,-1,System.Byte[]
1112000,,0,1200,1.5,0,110,0.5,0.65,110,0,30402,11000,0,0,70,70,1,0,230,0,11,0,0,1,0,0,0,0,0,0,0,230,0,1.5,0,45,0.4,0.55,70,-1,-1,System.Byte[]
1112010,,0,1201,1.5,0,110,0.5,0.65,110,0,30402,11000,0,0,70,70,1,0,230,0,11,0,0,1,0,0,0,0,0,0,0,230,0,1.5,0,45,0.4,0.55,70,-1,-1,System.Byte[]
1112100,,0,1210,1.5,0,110,0.5,0.65,110,0,30402,11000,0,0,70,70,1,0,230,0,11,0,0,1,0,0,0,0,0,0,0,230,0,1.5,0,45,0.4,0.55,70,-1,-1,System.Byte[]
1112110,,0,1211,1.5,0,110,0.5,0.65,110,0,30402,11000,0,0,70,70,1,0,230,0,11,0,0,1,0,0,0,0,0,0,0,230,0,1.5,0,45,0.4,0.55,70,-1,-1,System.Byte[]
1112200,,0,1220,1.5,0,110,0.5,0.65,110,0,30402,11000,0,0,70,70,1,0,230,0,11,0,0,1,0,0,0,0,0,0,0,230,0,1.5,0,45,0.4,0.55,70,-1,-1,System.Byte[]
1112300,,0,1230,1.5,0,110,0.5,0.65,110,0,30402,11000,0,0,70,70,1,0,230,0,11,0,0,1,0,0,0,0,0,0,0,230,0,1.5,0,45,0.4,0.55,70,-1,-1,System.Byte[]
1112400,,0,1240,1.5,0,110,0.5,0.65,110,0,30402,11000,0,0,70,70,1,0,230,0,11,0,0,1,0,0,0,0,0,0,0,230,0,1.5,0,45,0.4,0.55,70,-1,-1,System.Byte[]
1112410,,0,1241,1.5,0,110,0.5,0.65,110,0,30402,11000,0,0,70,70,1,0,230,0,11,0,0,1,0,0,0,0,0,0,0,230,0,1.5,0,45,0.4,0.55,70,-1,-1,System.Byte[]
1112500,,0,1250,1.5,0,110,0.5,0.65,110,0,30402,11000,0,0,70,70,1,0,230,0,11,0,0,1,0,0,0,0,0,0,0,230,0,1.5,0,45,0.4,0.55,70,-1,-1,System.Byte[]
1112800,,0,1280,1.5,0,110,0.5,0.65,110,0,30402,11000,0,0,70,70,1,0,230,0,11,0,0,1,0,0,0,0,0,0,0,230,0,1.5,0,45,0.4,0.55,70,-1,-1,System.Byte[]
1112810,,0,1281,1.5,0,110,0.5,0.65,110,0,30402,11000,0,0,70,70,1,0,230,0,11,0,0,1,0,0,0,0,0,0,0,230,0,1.5,0,45,0.4,0.55,70,-1,-1,System.Byte[]
1112820,,0,1282,1.5,0,110,0.5,0.65,110,0,30402,11000,0,0,70,70,1,0,230,0,11,0,0,1,0,0,0,0,0,0,0,230,0,1.5,0,45,0.4,0.55,70,-1,-1,System.Byte[]
1112900,,0,1290,1.5,0,110,0.5,0.65,110,0,30402,11000,0,0,70,70,1,0,230,0,11,0,0,1,0,0,0,0,0,0,0,230,0,1.5,0,90,0.4,0.55,70,-1,235,System.Byte[]
1113000,,0,1300,1.5,0,110,0.5,0.65,110,0,30402,11000,0,0,70,70,1,0,230,0,11,0,0,1,0,0,0,0,0,0,0,230,0,1.5,0,45,0.4,0.55,70,-1,-1,System.Byte[]
1113400,,0,1340,1.5,0,110,0.5,0.65,110,0,30402,11000,0,0,70,70,1,0,230,0,11,0,0,1,0,0,0,0,0,0,0,230,0,1.5,0,45,0.4,0.55,70,-1,-1,System.Byte[]
1113500,,0,1350,1.5,0,110,0.5,0.65,110,0,30402,11000,0,0,70,70,1,0,230,0,11,0,0,1,0,0,0,0,0,0,0,230,0,1.5,0,45,0.4,0.55,70,-1,-1,System.Byte[]
1113700,,0,1370,1.5,0,110,0.5,0.65,110,0,30402,11000,0,0,70,70,1,0,230,0,11,0,0,1,0,0,0,0,0,0,0,230,0,1.5,0,45,0.4,0.55,70,-1,-1,System.Byte[]
1113900,,0,1390,1.5,0,110,0.5,0.65,110,0,30402,11000,0,0,70,70,1,0,230,0,11,0,0,1,0,0,0,0,0,0,0,230,0,1.5,0,45,0.4,0.55,70,-1,-1,System.Byte[]
1114100,,0,1410,1.5,0,110,0.5,0.65,110,0,30402,11000,0,0,70,70,1,0,230,0,11,0,0,1,0,0,0,0,0,0,0,230,0,1.5,0,45,0.4,0.55,70,-1,-1,System.Byte[]
1114300,,0,1430,1.5,0,110,0.5,0.65,110,0,30402,11000,0,0,70,70,1,0,230,0,11,0,0,1,0,0,0,0,0,0,0,230,0,1.5,0,45,0.4,0.55,70,-1,-1,System.Byte[]
1114400,,0,1440,1.5,0,110,0.5,0.65,110,0,30402,11000,0,0,70,70,1,0,230,0,11,0,0,1,0,0,0,0,0,0,0,230,0,1.5,0,45,0.4,0.55,70,-1,-1,System.Byte[]
1114410,,0,1441,1.5,0,110,0.5,0.65,110,0,30402,11000,0,0,70,70,1,0,230,0,11,0,0,1,0,0,0,0,0,0,0,230,0,1.5,0,45,0.4,0.55,70,-1,-1,System.Byte[]
1114420,,0,1442,1.5,0,110,0.5,0.65,110,0,30402,11000,0,0,70,70,1,0,230,0,11,0,0,1,0,0,0,0,0,0,0,230,0,1.5,0,45,0.4,0.55,70,-1,-1,System.Byte[]
1114450,,0,1445,1.5,0,110,0.5,0.65,110,0,30402,11000,0,0,70,70,1,0,230,0,11,0,0,1,0,0,0,0,0,0,0,230,0,1.5,0,45,0.4,0.55,70,-1,-1,System.Byte[]
1114460,,0,1446,1.5,0,110,0.5,0.65,110,0,30402,11000,0,0,70,70,1,0,230,0,11,0,0,1,0,0,0,0,0,0,0,230,0,1.5,0,45,0.4,0.55,70,-1,-1,System.Byte[]
1120300,,0,2030,1.5,0,110,0.5,0.65,110,0,30402,11000,0,0,70,70,1,0,230,0,11,0,0,1,0,0,0,0,0,0,0,230,0,1.5,0,45,0.4,0.55,70,-1,-1,System.Byte[]
1122100,,0,2210,1.5,0,110,0.5,0.65,110,0,30402,11000,0,0,70,70,1,0,230,0,11,0,0,1,0,0,0,0,0,0,0,230,0,1.5,0,45,0.4,0.55,70,-1,-1,System.Byte[]
1122300,,0,2230,1.5,0,110,0.5,0.65,110,0,30402,11000,0,0,70,70,1,0,230,0,11,0,0,1,0,0,0,0,0,0,0,230,0,1.5,0,45,0.4,0.55,70,-1,-1,System.Byte[]
1128300,,0,1283,1.5,0,110,0.5,0.65,110,0,30402,11000,0,0,70,70,1,0,230,0,11,0,0,1,0,0,0,0,0,0,0,230,0,1.5,0,45,0.4,0.55,70,-1,-1,System.Byte[]
1130400,,0,3040,1.5,0,110,0.5,0.65,110,0,30402,11000,0,0,70,70,1,0,230,0,11,0,0,1,0,0,0,0,0,0,0,230,0,1.5,0,45,0.4,0.55,70,-1,-1,System.Byte[]
1130700,,0,3070,1.5,0,110,0.5,0.65,110,0,30402,11000,0,0,70,70,1,0,230,0,11,0,0,1,0,0,0,0,0,0,0,230,0,1.5,0,45,0.4,0.55,70,-1,-1,System.Byte[]
1131700,,0,3170,1.5,0,110,0.5,0.65,110,0,30402,11000,0,0,70,70,1,0,230,0,11,0,0,1,0,0,0,0,0,0,0,230,0,1.5,0,45,0.4,0.55,70,-1,-1,System.Byte[]
1152200,,0,5220,1.5,0,110,0.5,0.65,110,0,30402,11000,0,0,70,70,1,0,230,0,11,0,0,1,0,0,0,0,0,0,0,230,0,1.5,0,45,0.4,0.55,70,-1,-1,System.Byte[]
1152210,,0,5221,1.5,0,110,0.5,0.65,110,0,30402,11000,0,0,70,70,1,0,230,0,11,0,0,1,0,0,0,0,0,0,0,230,0,1.5,0,45,0.4,0.55,70,-1,-1,System.Byte[]
1152220,,0,5222,1.5,0,110,0.5,0.65,110,0,30402,11000,0,0,70,70,1,0,230,0,11,0,0,1,0,0,0,0,0,0,0,230,0,1.5,0,45,0.4,0.55,70,-1,-1,System.Byte[]
1152230,,0,5223,1.5,0,110,0.5,0.65,110,0,30402,11000,0,0,70,70,1,0,230,0,11,0,0,1,0,0,0,0,0,0,0,230,0,1.5,0,45,0.4,0.55,70,-1,-1,System.Byte[]
1152250,,0,5225,1.5,0,110,0.5,0.65,110,0,30402,11000,0,0,70,70,1,0,230,0,11,0,0,1,0,0,0,0,0,0,0,230,0,1.5,0,45,0.4,0.55,70,-1,-1,System.Byte[]
1152260,,0,5226,1.5,0,110,0.5,0.65,110,0,30402,11000,0,0,70,70,1,0,230,0,11,0,0,1,0,0,0,0,0,0,0,230,0,1.5,0,45,0.4,0.55,70,-1,-1,System.Byte[]
1152270,,0,5227,1.5,0,110,0.5,0.65,110,0,30402,11000,0,0,70,70,1,0,230,0,11,0,0,1,0,0,0,0,0,0,0,230,0,1.5,0,45,0.4,0.55,70,-1,-1,System.Byte[]
1160000,,0,6000,1.5,0,110,0.5,0.65,110,0,30402,11000,0,0,70,70,1,0,230,0,11,0,0,1,0,0,0,0,0,0,0,230,0,1.5,0,45,0.4,0.55,70,-1,-1,System.Byte[]
1160200,,0,6020,1.5,0,110,0.5,0.65,110,0,30402,11000,0,0,70,70,1,0,230,0,11,0,0,1,0,0,0,0,0,0,0,230,0,1.5,0,45,0.4,0.55,70,-1,-1,System.Byte[]
1160700,,0,6070,1.5,0,110,0.5,0.65,110,0,30402,11000,0,0,70,70,1,0,230,0,11,0,0,1,0,0,0,0,0,0,0,230,0,1.5,0,45,0.4,0.55,70,-1,235,System.Byte[]
1160800,,0,6080,1.5,0,110,0.5,0.65,110,0,30402,11000,0,0,70,70,1,0,230,0,11,0,0,1,0,0,0,0,0,0,0,230,0,1.5,0,45,0.4,0.55,70,-1,-1,System.Byte[]
1160810,,0,6081,1.5,0,110,0.5,0.65,110,0,30402,11000,0,0,70,70,1,0,230,0,11,0,0,1,0,0,0,0,0,0,0,230,0,1.5,0,45,0.4,0.55,70,-1,-1,System.Byte[]
1161000,,0,6100,1.5,0,110,0.5,0.65,110,0,30402,11000,0,0,70,70,1,0,230,0,11,0,0,1,0,0,0,0,0,0,0,230,0,1.5,0,45,0.4,0.55,70,-1,-1,System.Byte[]
1162300,,0,6230,1.5,0,110,0.5,0.65,110,0,30402,11000,0,0,70,70,1,0,230,0,11,0,0,1,0,0,0,0,0,0,0,230,0,1.5,0,45,0.4,0.55,70,-1,-1,System.Byte[]
1162600,,0,6260,1.5,0,110,0.5,0.65,110,0,30402,11000,0,0,70,70,1,0,230,0,11,0,0,1,0,0,0,0,0,0,0,230,0,1.5,0,45,0.4,0.55,70,-1,-1,System.Byte[]
1162700,,0,6270,1.5,0,110,0.5,0.65,110,0,30402,11000,0,0,70,70,1,0,230,0,11,0,0,1,0,0,0,0,0,0,0,230,0,1.5,0,45,0.4,0.55,70,-1,-1,System.Byte[]
1210400,,0,1040,1.5,90,180,0.65,0.65,60,0,30203,2510,0,0,70,70,1,0,246,0,12,0,0,1,0,0,0,0,0,0,0,246,0,0,0,0,0,0,0,-1,-1,System.Byte[]
1210701,,0,1070,1.5,90,180,0.65,0.65,60,0,30203,11010,0,0,70,70,1,0,246,0,12,0,0,1,0,0,0,0,0,0,0,246,0,0,0,0,0,0,0,-1,-1,System.Byte[]
1210710,,0,1071,1.5,90,180,0.65,0.65,60,0,30203,11010,0,0,70,70,1,0,246,0,12,0,0,1,0,0,0,0,0,0,0,246,0,0,0,0,0,0,0,-1,-1,System.Byte[]
1211000,,0,1100,1.5,90,180,0.65,0.65,60,0,30203,11010,0,0,70,70,1,0,246,0,12,0,0,1,0,0,0,0,0,0,0,246,0,0,0,0,0,0,0,-1,-1,System.Byte[]
1211010,,0,1101,1.5,90,180,0.65,0.65,60,0,30203,11010,0,0,70,70,1,0,246,0,12,0,0,1,0,0,0,0,0,0,0,246,0,0,0,0,0,0,0,-1,-1,System.Byte[]
1211020,,0,1102,1.5,90,180,0.65,0.65,60,0,30203,11010,0,0,70,70,1,0,246,0,12,0,0,1,0,0,0,0,0,0,0,246,0,0,0,0,0,0,0,-1,-1,System.Byte[]
1211050,,0,1105,1.5,90,180,0.65,0.65,60,0,30203,11010,0,0,70,70,1,0,246,0,12,0,0,1,0,0,0,0,0,0,0,246,0,0,0,0,0,0,0,-1,-1,System.Byte[]
1211060,,0,1106,1.5,90,180,0.65,0.65,60,0,30203,11010,0,0,70,70,1,0,246,0,12,0,0,1,0,0,0,0,0,0,0,246,0,0,0,0,0,0,0,-1,-1,System.Byte[]
1211100,,0,1110,1.5,90,180,0.65,0.65,60,0,30203,11010,0,0,70,70,1,0,246,0,12,0,0,1,0,0,0,0,0,0,0,246,0,0,0,0,0,0,0,-1,-1,System.Byte[]
1211200,,0,1120,1.5,90,180,0.65,0.65,60,0,30203,11010,0,0,70,70,1,0,246,0,12,0,0,1,0,0,0,0,0,0,0,246,0,0,0,0,0,0,0,-1,-1,System.Byte[]
1211500,,0,1150,1.5,90,180,0.65,0.65,60,0,30203,11010,0,0,70,70,1,0,246,0,12,0,0,1,0,0,0,0,0,0,0,246,0,0,0,0,0,0,0,-1,-1,System.Byte[]
1211700,,0,1170,1.5,90,180,0.65,0.65,60,0,30203,11010,0,0,70,70,1,0,246,0,12,0,0,1,0,0,0,0,0,0,0,246,0,0,0,0,0,0,0,-1,-1,System.Byte[]
1211800,,0,1180,1.5,90,180,0.65,0.65,60,0,30203,11010,0,0,70,70,1,0,246,0,12,0,0,1,0,0,0,0,0,0,0,246,0,0,0,0,0,0,0,-1,-1,System.Byte[]
1211900,,0,1190,1.65,90,180,0.65,0.65,60,0,30203,11010,0,0,70,70,1,0,246,0,12,0,0,1,0,0,0,0,0,0,0,246,0,0,0,0,0,0,0,-1,-1,System.Byte[]
1212000,,0,1200,1.5,90,180,0.65,0.65,60,0,30203,11010,0,0,70,70,1,0,246,0,12,0,0,1,0,0,0,0,0,0,0,246,0,0,0,0,0,0,0,-1,-1,System.Byte[]
1212010,,0,1201,1.5,90,180,0.65,0.65,60,0,30203,11010,0,0,70,70,1,0,246,0,12,0,0,1,0,0,0,0,0,0,0,246,0,0,0,0,0,0,0,-1,-1,System.Byte[]
1212100,,0,1210,1.5,90,180,0.65,0.65,60,0,30203,11010,0,0,70,70,1,0,246,0,12,0,0,1,0,0,0,0,0,0,0,246,0,0,0,0,0,0,0,-1,-1,System.Byte[]
1212110,,0,1211,1.5,90,180,0.65,0.65,60,0,30203,11010,0,0,70,70,1,0,246,0,12,0,0,1,0,0,0,0,0,0,0,246,0,0,0,0,0,0,0,-1,-1,System.Byte[]
1212300,,0,1230,1.5,90,180,0.65,0.65,60,0,30203,11010,0,0,70,70,1,0,246,0,12,0,0,1,0,0,0,0,0,0,0,246,0,0,0,0,0,0,0,-1,-1,System.Byte[]
1212400,,0,1240,1.5,90,180,0.65,0.65,60,0,30203,11010,0,0,70,70,1,0,246,0,12,0,0,1,0,0,0,0,0,0,0,246,0,0,0,0,0,0,0,-1,-1,System.Byte[]
1212410,,0,1241,1.5,90,180,0.65,0.65,60,0,30203,11010,0,0,70,70,1,0,246,0,12,0,0,1,0,0,0,0,0,0,0,246,0,0,0,0,0,0,0,-1,-1,System.Byte[]
1212500,,0,1250,1.5,90,180,0.65,0.65,60,0,30203,11010,0,0,70,70,1,0,246,0,12,0,0,1,0,0,0,0,0,0,0,246,0,0,0,0,0,0,0,-1,-1,System.Byte[]
1212600,,0,1260,1.5,90,180,0.65,0.65,60,0,30203,11010,0,0,70,70,1,0,246,0,12,0,0,1,0,0,0,0,0,0,0,246,0,0,0,0,0,0,0,-1,-1,System.Byte[]
1212800,,0,1280,1.5,90,180,0.65,0.65,60,0,30203,11010,0,0,70,70,1,0,246,0,12,0,0,1,0,0,0,0,0,0,0,246,0,0,0,0,0,0,0,-1,-1,System.Byte[]
1212810,,0,1281,1.5,90,180,0.65,0.65,60,0,30203,11010,0,0,70,70,1,0,246,0,12,0,0,1,0,0,0,0,0,0,0,246,0,0,0,0,0,0,0,-1,-1,System.Byte[]
1212820,,0,1282,1.5,90,180,0.65,0.65,60,0,30203,11010,0,0,70,70,1,0,246,0,12,0,0,1,0,0,0,0,0,0,0,246,0,0,0,0,0,0,0,-1,-1,System.Byte[]
1212830,,0,1283,1.5,90,180,0.65,0.65,60,0,30203,11010,0,0,70,70,1,0,246,0,12,0,0,1,0,0,0,0,0,0,0,246,0,0,0,0,0,0,0,-1,-1,System.Byte[]
1212900,,0,1290,1.5,90,180,0.65,0.65,60,0,30203,11010,0,0,70,70,1,0,246,0,12,0,0,1,0,0,0,0,0,0,0,231,0,0,0,0,0,0,0,-1,-1,System.Byte[]
1213000,,0,1300,1.5,90,180,0.65,0.65,60,0,30203,11010,0,0,70,70,1,0,246,0,12,0,0,1,0,0,0,0,0,0,0,246,0,0,0,0,0,0,0,-1,-1,System.Byte[]
1213100,,0,1310,1.5,90,180,0.65,0.65,60,0,30203,11010,0,0,70,60,1,0,246,0,12,0,0,1,0,0,0,0,0,0,0,246,0,0,0,0,0,0,0,-1,-1,System.Byte[]
1213400,,0,1340,1.5,90,180,0.65,0.65,60,0,30203,11010,0,0,70,70,1,0,246,0,12,0,0,1,0,0,0,0,0,0,0,246,0,0,0,0,0,0,0,-1,-1,System.Byte[]
1213500,,0,1350,1.5,90,180,0.65,0.65,60,0,30203,11010,0,0,70,70,1,0,246,0,12,0,0,1,0,0,0,0,0,0,0,246,0,0,0,0,0,0,0,-1,-1,System.Byte[]
1213600,,0,1360,1.5,90,180,0.65,0.65,60,0,30203,11010,0,0,70,70,1,0,246,0,12,0,0,1,0,0,0,0,0,0,0,246,0,0,0,0,0,0,0,-1,-1,System.Byte[]
1213900,,0,1390,1.5,90,180,0.65,0.65,60,0,30203,11010,0,0,40,40,1,0,246,0,12,0,0,1,0,0,0,0,0,0,0,228,0,0,0,0,0,0,0,-1,-1,System.Byte[]
1213910,,0,1391,1.5,90,180,0.65,0.65,60,0,30203,11010,0,0,70,70,1,0,246,0,12,0,0,1,0,0,0,0,0,0,0,232,0,0,0,0,0,0,0,-1,-1,System.Byte[]
1214100,,0,1410,1.5,90,180,0.65,0.65,60,0,30203,11010,0,0,70,70,1,0,246,0,12,0,0,1,0,0,0,0,0,0,0,246,0,0,0,0,0,0,0,-1,-1,System.Byte[]
1214300,,0,1430,1.5,90,180,0.65,0.65,60,0,30203,11010,0,0,70,70,1,0,246,0,12,0,0,1,0,0,0,0,0,0,0,246,0,0,0,0,0,0,0,-1,-1,System.Byte[]
1214400,,0,1440,1.5,90,180,0.65,0.65,60,0,30203,11010,0,0,70,70,1,0,246,0,12,0,0,1,0,0,0,0,0,0,0,246,0,0,0,0,0,0,0,-1,-1,System.Byte[]
1214410,,0,1441,1.5,90,180,0.65,0.65,60,0,30203,11010,0,0,70,70,1,0,246,0,12,0,0,1,0,0,0,0,0,0,0,246,0,0,0,0,0,0,0,-1,-1,System.Byte[]
1214420,,0,1442,1.5,90,180,0.65,0.65,60,0,30203,11010,0,0,70,70,1,0,246,0,12,0,0,1,0,0,0,0,0,0,0,246,0,0,0,0,0,0,0,-1,-1,System.Byte[]
1214450,,0,1445,1.5,90,180,0.65,0.65,60,0,30203,11010,0,0,70,70,1,0,246,0,12,0,0,1,0,0,0,0,0,0,0,246,0,0,0,0,0,0,0,-1,-1,System.Byte[]
1214460,,0,1446,1.5,90,180,0.65,0.65,60,0,30203,11010,0,0,70,70,1,0,246,0,12,0,0,1,0,0,0,0,0,0,0,246,0,0,0,0,0,0,0,-1,-1,System.Byte[]
1220300,,0,2030,1.5,90,180,0.65,0.65,60,0,30203,11010,0,0,70,70,1,0,246,0,12,0,0,1,0,0,0,0,0,0,0,246,0,0,0,0,0,0,0,-1,-1,System.Byte[]
1221600,,0,2160,1.5,90,180,0.65,0.65,60,0,30203,11010,0,0,70,70,1,0,246,0,12,0,0,1,0,0,0,0,0,0,0,246,0,0,0,0,0,0,0,-1,-1,System.Byte[]
1222100,,0,2210,1.5,90,180,0.65,0.65,60,0,30203,11010,0,0,70,70,1,0,246,0,12,0,0,1,0,0,0,0,0,0,0,246,0,0,0,0,0,0,0,-1,-1,System.Byte[]
1230400,,0,3040,1.5,90,180,0.65,0.65,60,0,30203,11010,0,0,70,70,1,0,246,0,12,0,0,1,0,0,0,0,0,0,0,246,0,0,0,0,0,0,0,-1,-1,System.Byte[]
1230700,,0,3070,1.5,90,180,0.65,0.65,60,0,30203,11010,0,0,70,70,1,0,246,0,12,0,0,1,0,0,0,0,0,0,0,246,0,0,0,0,0,0,0,-1,-1,System.Byte[]
1231700,,0,3170,1.5,90,180,0.65,0.65,60,0,30203,11010,0,0,70,70,1,0,246,0,12,0,0,1,0,0,0,0,0,0,0,246,0,0,0,0,0,0,0,-1,-1,System.Byte[]
1252200,,0,5220,1.5,90,180,0.65,0.65,60,0,30203,11010,0,0,70,70,1,0,246,0,12,0,0,1,0,0,0,0,0,0,0,246,0,0,0,0,0,0,0,-1,-1,System.Byte[]
1252210,,0,5221,1.5,90,180,0.65,0.65,60,0,30203,11010,0,0,70,70,1,0,246,0,12,0,0,1,0,0,0,0,0,0,0,246,0,0,0,0,0,0,0,-1,-1,System.Byte[]
1252220,,0,5222,1.5,90,180,0.65,0.65,60,0,30203,11010,0,0,70,70,1,0,246,0,12,0,0,1,0,0,0,0,0,0,0,246,0,0,0,0,0,0,0,-1,-1,System.Byte[]
1252230,,0,5223,1.5,90,180,0.65,0.65,60,0,30203,11010,0,0,70,70,1,0,246,0,12,0,0,1,0,0,0,0,0,0,0,246,0,0,0,0,0,0,0,-1,-1,System.Byte[]
1252250,,0,5225,1.5,90,180,0.65,0.65,60,0,30203,11010,0,0,70,70,1,0,246,0,12,0,0,1,0,0,0,0,0,0,0,246,0,0,0,0,0,0,0,-1,-1,System.Byte[]
1252260,,0,5226,1.5,90,180,0.65,0.65,60,0,30203,11010,0,0,70,70,1,0,246,0,12,0,0,1,0,0,0,0,0,0,0,246,0,0,0,0,0,0,0,-1,-1,System.Byte[]
1252270,,0,5227,1.5,90,180,0.65,0.65,60,0,30203,11010,0,0,70,70,1,0,246,0,12,0,0,1,0,0,0,0,0,0,0,246,0,0,0,0,0,0,0,-1,-1,System.Byte[]
1260000,,0,6000,1.5,90,180,0.65,0.65,60,0,30203,11010,0,0,70,70,1,0,246,0,12,0,0,1,0,0,0,0,0,0,0,246,0,0,0,0,0,0,0,-1,-1,System.Byte[]
1260200,,0,6020,1.5,90,180,0.65,0.65,60,0,30203,11010,0,0,70,70,1,0,246,0,12,0,0,1,0,0,0,0,0,0,0,246,0,0,0,0,0,0,0,-1,-1,System.Byte[]
1260700,,0,6070,2.2,90,180,0.65,0.65,60,0,30203,11010,0,0,70,70,1,0,246,0,12,0,0,1,0,0,0,0,0,0,0,246,0,0,0,0,0,0,0,-1,-1,System.Byte[]
1261000,,0,6100,2.5,90,180,0.65,0.65,60,0,30203,11010,0,0,70,70,1,0,246,0,12,0,0,1,0,0,0,0,0,0,0,246,0,0,0,0,0,0,0,-1,-1,System.Byte[]
1262000,,0,6200,1.5,90,180,0.65,0.65,60,0,30203,11010,0,0,70,70,1,0,246,0,12,0,0,1,0,1,0,0,0,0,0,246,0,0,0,0,0,0,0,-1,-1,System.Byte[]
1262300,,0,6230,1.5,90,180,0.65,0.65,60,0,30203,11010,0,0,70,70,1,0,246,0,12,0,0,1,0,0,0,0,0,0,0,246,0,0,0,0,0,0,0,-1,-1,System.Byte[]
1262600,,0,6260,1.5,90,180,0.65,0.65,60,0,30203,11010,0,0,70,70,1,0,246,0,12,0,0,1,0,0,0,0,0,0,0,246,0,0,0,0,0,0,0,-1,-1,System.Byte[]
1262700,,0,6270,1.5,90,180,0.65,0.65,60,0,30203,11010,0,0,70,70,1,0,246,0,12,0,0,1,0,0,0,0,0,0,0,246,0,0,0,0,0,0,0,-1,-1,System.Byte[]
1613200,,0,1320,2.8,70,180,1,1,180,0,30410,11010,0,0,40,30,1,0,0,232,12,0,255,0,0,1,1,0,0,0,0,0,230,0,0,0,0,0,0,-1,-1,System.Byte[]
1613210,,0,1321,2.8,70,180,1,1,180,0,30410,11010,0,0,40,30,1,0,0,232,12,0,255,0,0,1,1,0,0,0,0,0,230,0,0,0,0,0,0,-1,-1,System.Byte[]
1620400,,0,2040,2.5,70,180,1.5,1.5,180,0,30410,11010,0,0,40,30,1,0,0,232,12,0,255,0,0,1,1,0,0,0,0,0,230,0,0,0,0,0,0,-1,-1,System.Byte[]
1620900,,0,2090,2.5,0,180,1,1,180,0,30410,11010,0,0,40,30,1,0,0,232,12,0,255,0,0,1,1,0,0,0,0,0,230,0,0,0,0,0,0,-1,235,System.Byte[]
1621900,,0,2190,2.5,70,180,1,1,180,0,30410,11010,0,0,40,30,1,0,0,232,12,0,255,0,0,1,1,0,0,0,0,0,230,0,0,0,0,0,0,-1,-1,System.Byte[]
1622400,,0,2240,2.5,0,180,1,1,180,0,30410,11010,0,0,40,30,1,0,0,232,12,0,255,0,0,1,1,0,0,0,0,0,230,0,0,0,0,0,0,-1,235,System.Byte[]
1622500,,0,2250,2.8,70,180,2,2,180,0,30410,11010,0,0,40,30,1,0,0,232,12,0,255,0,0,1,1,0,0,0,0,0,230,0,0,0,0,0,0,-1,-1,System.Byte[]
1622700,,0,2270,2.8,70,180,2,2,180,0,30410,11010,0,0,40,30,1,0,0,232,12,0,255,0,0,1,1,0,0,0,0,0,230,0,0,0,0,0,0,-1,-1,System.Byte[]
1630200,,0,3020,2.5,0,180,1,1,180,0,30410,11010,0,0,40,30,1,0,0,232,12,0,255,0,0,1,1,0,0,0,0,0,230,0,0,0,0,0,0,-1,235,System.Byte[]
1630500,,0,3050,2.5,0,180,1,1,180,0,30410,11010,0,0,40,30,1,0,0,232,12,0,255,0,0,1,1,0,0,0,0,0,230,0,0,0,0,0,0,-1,235,System.Byte[]
1630600,,0,3060,2.5,0,180,2,2,180,0,30410,11010,0,0,40,30,1,0,0,232,12,0,255,0,0,1,1,0,0,0,0,0,230,0,0,0,0,0,0,-1,235,System.Byte[]
1631000,,0,3100,2.5,70,180,1,1,180,0,30410,11010,0,0,40,30,1,0,0,232,12,0,255,0,0,1,1,0,0,0,0,0,230,0,0,0,0,0,0,-1,-1,System.Byte[]
1631100,,0,3110,2.5,0,180,2,2,180,0,30410,11010,0,0,40,30,1,0,0,232,12,0,255,0,0,1,1,0,0,0,0,0,230,0,0,0,0,0,0,-1,235,System.Byte[]
1631200,,0,3120,2.5,0,180,2,2,180,0,30410,11010,0,0,40,30,1,0,0,232,12,0,255,0,0,1,1,0,0,0,0,0,230,0,0,0,0,0,0,-1,235,System.Byte[]
1650100,,0,5010,2.2,70,180,1,1,180,0,30410,11010,0,0,40,30,1,0,0,232,12,0,255,0,0,1,1,0,0,0,0,0,230,0,0,0,0,0,0,-1,-1,System.Byte[]
1650200,,0,5020,3,0,180,2,2,180,0,30410,11010,0,0,40,30,1,0,0,232,12,0,255,0,0,1,1,0,0,0,0,0,232,0,0,0,0,0,0,-1,233,System.Byte[]
1650300,,0,5030,3.5,0,180,3,3,180,0,30410,11010,0,0,40,30,1,0,0,232,12,0,255,0,0,1,1,0,0,0,0,0,230,0,0,0,0,0,0,-1,28,System.Byte[]
1651100,,0,5110,2.2,70,180,1,1,180,0,30410,11010,0,0,40,30,1,0,0,232,12,0,255,0,0,1,1,0,0,0,0,0,232,0,0,0,0,0,0,-1,-1,System.Byte[]
1651200,,0,5120,5,120,180,2,2,180,0,30410,11010,0,0,40,30,1,0,0,232,12,0,255,0,0,1,1,0,0,0,0,0,230,0,0,0,0,0,0,-1,235,System.Byte[]
1651400,,0,5140,2.2,70,180,2,2,180,0,30410,11010,0,0,40,30,1,0,0,232,12,0,255,0,0,1,1,0,0,0,0,0,230,0,0,0,0,0,0,-1,-1,System.Byte[]
1652000,,0,5200,2.5,0,180,2,2,180,0,30410,11010,0,0,40,30,1,0,0,232,12,0,255,0,0,1,1,0,0,0,0,0,231,0,0,0,0,0,0,-1,235,System.Byte[]
1652500,,0,5250,2.2,70,180,2,2,180,0,30410,11010,0,0,40,30,1,0,0,232,12,0,255,0,0,1,1,0,0,0,0,0,230,0,0,0,0,0,0,-1,-1,System.Byte[]
1652520,,0,5252,3,0,180,3,3,180,0,30410,11010,0,0,40,30,1,0,0,184,12,0,255,0,0,1,1,0,0,0,0,0,230,0,0,0,0,0,0,-1,-1,System.Byte[]
1652600,,0,5260,2.8,0,180,1,1,180,0,30410,11010,0,0,40,30,1,0,0,230,12,0,255,0,0,1,1,0,0,0,0,0,230,0,0,0,0,0,0,-1,235,System.Byte[]
1652700,,0,5270,2.5,0,180,0.5,0.3,180,0,30410,11010,0,0,40,30,1,0,0,232,12,0,255,0,0,1,1,0,0,0,0,0,232,0,0,0,0,0,0,-1,235,System.Byte[]
1652800,,0,5280,1.8,120,180,1,1,180,0,30410,11010,0,0,40,30,1,0,0,232,12,0,255,0,0,1,1,0,0,0,0,0,230,0,0,0,0,0,0,-1,-1,System.Byte[]
1660100,,0,6010,2.5,0,180,2,2,180,0,30410,11010,0,0,40,30,1,0,0,232,12,0,255,0,0,1,1,0,0,0,0,0,230,0,0,0,0,0,0,-1,235,System.Byte[]
1660300,,0,6030,2.5,0,180,2,2,180,0,30410,11010,0,0,40,30,1,0,0,236,12,0,255,0,0,1,1,0,0,0,0,0,236,0,0,0,0,0,0,-1,235,System.Byte[]
1661300,,0,6130,2.8,70,180,2,2,180,0,30410,11010,0,0,40,30,1,0,0,232,12,0,255,0,0,1,1,0,0,0,0,0,230,0,0,0,0,0,0,-1,-1,System.Byte[]
1662100,,0,6210,2.5,0,90,2,2,180,0,30420,11010,0,0,40,30,1,0,0,232,12,0,255,0,0,1,1,0,0,0,0,0,230,0,0,0,0,0,0,-1,230,System.Byte[]
1662101,,0,6210,2.8,0,180,2,2,180,0,30420,11000,0,0,40,30,1,0,0,232,12,0,255,0,0,1,1,0,0,0,0,0,231,0,0,0,0,0,0,-1,231,System.Byte[]
1662111,,0,6211,2.5,60,180,2,2,180,0,30420,11010,0,0,40,30,1,0,0,232,12,0,255,0,0,1,1,0,0,0,0,0,232,0,0,0,0,0,0,-1,232,System.Byte[]
1663200,,0,6320,1.5,0,180,2,2,180,0,30410,11010,0,0,40,30,1,0,0,232,12,0,255,0,0,1,1,0,0,0,0,0,230,0,0,0,0,0,0,-1,260,System.Byte[]
1731410,,0,3141,5.5,0,180,3,3,180,1,30860,11000,0,0,40,30,1,0,0,232,15,0,255,0,0,1,0,0,0,0,0,0,235,0,0,0,0,0,0,-1,7,System.Byte[]
1763200,,0,6320,10,0,180,10,10,180,1,30870,11000,0,0,40,30,1,0,0,0,15,0,255,0,0,1,0,0,0,0,0,0,235,0,0,0,0,0,0,-1,260,System.Byte[]
2000100,,0,0,2,0,180,0.4,0.55,180,100,40633,70010,0,0,70,70,1,0,230,0,0,0,0,0,1,0,0,0,0,0,0,246,0,0,0,0,0,0,0,-1,-1,System.Byte[]
2000101,,0,0,2,90,180,0.5,0.65,60,100,40633,70010,0,0,70,70,1,0,231,0,0,0,0,0,1,0,0,0,0,0,0,246,0,0,0,0,0,0,0,-1,-1,System.Byte[]
2210400,,0,1040,2,0,180,0.65,0.65,180,100,40633,2510,0,0,70,70,1,0,246,0,0,0,0,1,1,0,0,0,0,0,0,246,0,0,0,0,0,0,0,-1,-1,System.Byte[]
2210701,,0,1070,2,0,180,0.65,0.65,180,100,40633,11010,0,0,70,70,1,0,246,0,0,0,0,1,1,0,0,0,0,0,0,246,0,0,0,0,0,0,0,-1,-1,System.Byte[]
2210710,,0,1071,2,0,180,0.65,0.65,180,100,40633,11010,0,0,70,70,1,0,246,0,0,0,0,1,1,0,0,0,0,0,0,246,0,0,0,0,0,0,0,-1,-1,System.Byte[]
2211000,,0,1100,2,0,180,0.65,0.65,180,100,40633,11010,0,0,70,70,1,0,246,0,0,0,0,1,1,0,0,0,0,0,0,246,0,0,0,0,0,0,0,-1,-1,System.Byte[]
2211010,,0,1101,2,0,180,0.65,0.65,180,100,40633,11010,0,0,70,70,1,0,246,0,0,0,0,1,1,0,0,0,0,0,0,246,0,0,0,0,0,0,0,-1,-1,System.Byte[]
2211020,,0,1102,2,0,180,0.65,0.65,180,100,40633,11010,0,0,70,70,1,0,246,0,0,0,0,1,1,0,0,0,0,0,0,246,0,0,0,0,0,0,0,-1,-1,System.Byte[]
2211050,,0,1105,2,0,180,0.65,0.65,180,100,40633,11010,0,0,70,70,1,0,246,0,0,0,0,1,1,0,0,0,0,0,0,246,0,0,0,0,0,0,0,-1,-1,System.Byte[]
2211060,,0,1106,2,0,180,0.65,0.65,180,100,40633,11010,0,0,70,70,1,0,246,0,0,0,0,1,1,0,0,0,0,0,0,246,0,0,0,0,0,0,0,-1,-1,System.Byte[]
2211100,,0,1110,2,0,180,0.65,0.65,180,100,40633,11010,0,0,70,70,1,0,246,0,0,0,0,1,1,0,0,0,0,0,0,246,0,0,0,0,0,0,0,-1,-1,System.Byte[]
2211200,,0,1120,2,0,180,0.65,0.65,180,100,40633,11010,0,0,70,70,1,0,246,0,0,0,0,1,1,0,0,0,0,0,0,246,0,0,0,0,0,0,0,-1,-1,System.Byte[]
2211500,,0,1150,2,0,180,0.65,0.65,180,100,40633,11010,0,0,70,70,1,0,246,0,0,0,0,1,1,0,0,0,0,0,0,246,0,0,0,0,0,0,0,-1,-1,System.Byte[]
2211700,,0,1170,2,0,180,0.65,0.65,180,100,40633,11010,0,0,70,70,1,0,246,0,0,0,0,1,1,0,0,0,0,0,0,246,0,0,0,0,0,0,0,-1,-1,System.Byte[]
2211800,,0,1180,2,0,180,0.65,0.65,180,100,40633,11010,0,0,70,70,1,0,246,0,0,0,0,1,1,0,0,0,0,0,0,246,0,0,0,0,0,0,0,-1,-1,System.Byte[]
2211900,,0,1190,2,0,180,0.65,0.65,180,100,40633,11010,0,0,70,70,1,0,246,0,0,0,0,1,1,0,0,0,0,0,0,246,0,0,0,0,0,0,0,-1,-1,System.Byte[]
2212000,,0,1200,2,0,180,0.65,0.65,180,100,40633,11010,0,0,70,70,1,0,246,0,0,0,0,1,1,0,0,0,0,0,0,246,0,0,0,0,0,0,0,-1,-1,System.Byte[]
2212010,,0,1201,2,0,180,0.65,0.65,180,100,40633,11010,0,0,70,70,1,0,246,0,0,0,0,1,1,0,0,0,0,0,0,246,0,0,0,0,0,0,0,-1,-1,System.Byte[]
2212300,,0,1230,2,0,180,0.65,0.65,180,100,40633,11010,0,0,70,70,1,0,246,0,0,0,0,1,1,0,0,0,0,0,0,246,0,0,0,0,0,0,0,-1,-1,System.Byte[]
2212400,,0,1240,2,0,180,0.65,0.65,180,100,40633,11010,0,0,70,70,1,0,246,0,0,0,0,1,1,0,0,0,0,0,0,246,0,0,0,0,0,0,0,-1,-1,System.Byte[]
2212410,,0,1241,2,0,180,0.65,0.65,180,100,40633,11010,0,0,70,70,1,0,246,0,0,0,0,1,1,0,0,0,0,0,0,246,0,0,0,0,0,0,0,-1,-1,System.Byte[]
2212500,,0,1250,2,0,180,0.65,0.65,180,100,40633,11010,0,0,70,70,1,0,246,0,0,0,0,1,1,0,0,0,0,0,0,246,0,0,0,0,0,0,0,-1,-1,System.Byte[]
2212600,,0,1260,2,0,180,0.65,0.65,180,100,40633,11010,0,0,70,70,1,0,246,0,0,0,0,1,1,0,0,0,0,0,0,246,0,0,0,0,0,0,0,-1,-1,System.Byte[]
2212800,,0,1280,2,0,180,0.65,0.65,180,100,40633,11010,0,0,70,70,1,0,246,0,0,0,0,1,1,0,0,0,0,0,0,246,0,0,0,0,0,0,0,-1,-1,System.Byte[]
2212810,,0,1281,2,0,180,0.65,0.65,180,100,40633,11010,0,0,70,70,1,0,246,0,0,0,0,1,1,0,0,0,0,0,0,246,0,0,0,0,0,0,0,-1,-1,System.Byte[]
2212820,,0,1282,2,0,180,0.65,0.65,180,100,40633,11010,0,0,70,70,1,0,246,0,0,0,0,1,1,0,0,0,0,0,0,246,0,0,0,0,0,0,0,-1,-1,System.Byte[]
2212830,,0,1283,2,0,180,0.65,0.65,180,100,40633,11010,0,0,70,70,1,0,246,0,0,0,0,1,1,0,0,0,0,0,0,246,0,0,0,0,0,0,0,-1,-1,System.Byte[]
2212900,,0,1290,2,0,180,0.65,0.65,180,100,40633,11010,0,0,70,70,1,0,246,0,0,0,0,1,1,0,0,0,0,0,0,231,0,0,0,0,0,0,0,-1,-1,System.Byte[]
2213000,,0,1300,2,0,180,0.65,0.65,180,100,40633,11010,0,0,70,70,1,0,246,0,0,0,0,1,1,0,0,0,0,0,0,246,0,0,0,0,0,0,0,-1,-1,System.Byte[]
2213100,,0,1310,2.2,0,180,0.65,0.65,180,100,40633,11010,0,0,70,60,1,0,246,0,0,0,0,1,1,0,0,0,0,0,0,246,0,0,0,0,0,0,0,-1,-1,System.Byte[]
2213200,,0,1320,2.5,0,180,0.65,0.65,180,100,40633,11010,0,0,70,40,1,0,246,0,0,0,0,1,1,0,0,0,0,0,0,246,0,0,0,0,0,0,0,-1,-1,System.Byte[]
2213210,,0,1321,2.5,0,180,0.65,0.65,180,100,40633,11010,0,0,70,40,1,0,246,0,0,0,0,1,1,0,0,0,0,0,0,246,0,0,0,0,0,0,0,-1,-1,System.Byte[]
2213400,,0,1340,2,0,180,0.65,0.65,180,100,40633,11010,0,0,70,70,1,0,246,0,0,0,0,1,1,0,0,0,0,0,0,246,0,0,0,0,0,0,0,-1,-1,System.Byte[]
2213600,,0,1360,2,0,180,0.65,0.65,180,100,40633,11010,0,0,70,70,1,0,246,0,0,0,0,1,1,0,0,0,0,0,0,246,0,0,0,0,0,0,0,-1,-1,System.Byte[]
2213900,,0,1390,2,0,180,0.65,0.65,180,100,40633,11010,0,0,40,40,1,0,246,0,0,0,0,1,1,0,0,0,0,0,0,280,0,0,0,0,0,0,0,-1,-1,System.Byte[]
2213910,,0,1391,2,0,180,0.65,0.65,180,100,40633,11010,0,0,70,70,1,0,246,0,0,0,0,1,1,0,0,0,0,0,0,246,0,0,0,0,0,0,0,-1,-1,System.Byte[]
2214100,,0,1410,2,0,180,0.65,0.65,180,100,40633,11010,0,0,70,70,1,0,246,0,0,0,0,1,1,0,0,0,0,0,0,246,0,0,0,0,0,0,0,-1,-1,System.Byte[]
2214300,,0,1430,2,0,180,0.65,0.65,180,100,40633,11010,0,0,70,70,1,0,246,0,0,0,0,1,1,0,0,0,0,0,0,246,0,0,0,0,0,0,0,-1,-1,System.Byte[]
2214400,,0,1440,2,0,180,0.65,0.65,180,100,40633,11010,0,0,70,70,1,0,246,0,0,0,0,1,1,0,0,0,0,0,0,246,0,0,0,0,0,0,0,-1,-1,System.Byte[]
2214410,,0,1441,2,0,180,0.65,0.65,180,100,40633,11010,0,0,70,70,1,0,246,0,0,0,0,1,1,0,0,0,0,0,0,246,0,0,0,0,0,0,0,-1,-1,System.Byte[]
2214420,,0,1442,2,0,180,0.65,0.65,180,100,40633,11010,0,0,70,70,1,0,246,0,0,0,0,1,1,0,0,0,0,0,0,246,0,0,0,0,0,0,0,-1,-1,System.Byte[]
2214450,,0,1445,2,0,180,0.65,0.65,180,100,40633,11010,0,0,70,70,1,0,246,0,0,0,0,1,1,0,0,0,0,0,0,246,0,0,0,0,0,0,0,-1,-1,System.Byte[]
2214460,,0,1446,2,0,180,0.65,0.65,180,100,40633,11010,0,0,70,70,1,0,246,0,0,0,0,1,1,0,0,0,0,0,0,246,0,0,0,0,0,0,0,-1,-1,System.Byte[]
2220300,,0,2030,2,0,180,0.65,0.65,180,100,40633,11010,0,0,70,70,1,0,246,0,0,0,0,1,1,0,0,0,0,0,0,246,0,0,0,0,0,0,0,-1,-1,System.Byte[]
2221600,,0,2160,2,0,180,0.65,0.65,180,100,40633,11010,0,0,70,70,1,0,246,0,0,0,0,1,1,0,0,0,0,0,0,246,0,0,0,0,0,0,0,-1,-1,System.Byte[]
2222100,,0,2210,2,0,180,0.65,0.65,180,100,40633,11010,0,0,70,70,1,0,246,0,0,0,0,1,1,0,0,0,0,0,0,246,0,0,0,0,0,0,0,-1,-1,System.Byte[]
2230400,,0,3040,2,0,180,0.65,0.65,180,100,40633,11010,0,0,70,70,1,0,246,0,0,0,0,1,1,0,0,0,0,0,0,246,0,0,0,0,0,0,0,-1,-1,System.Byte[]
2230700,,0,3070,2,0,180,0.65,0.65,180,100,40633,11010,0,0,70,70,1,0,246,0,0,0,0,1,1,0,0,0,0,0,0,246,0,0,0,0,0,0,0,-1,-1,System.Byte[]
2231700,,0,3170,2,0,180,0.65,0.65,180,100,40633,11010,0,0,70,70,1,0,246,0,0,0,0,1,1,0,0,0,0,0,0,246,0,0,0,0,0,0,0,-1,-1,System.Byte[]
2252200,,0,5220,2,0,180,0.65,0.65,180,100,40633,11010,0,0,70,70,1,0,246,0,0,0,0,1,1,0,0,0,0,0,0,246,0,0,0,0,0,0,0,-1,-1,System.Byte[]
2252210,,0,5221,2,0,180,0.65,0.65,180,100,40633,11010,0,0,70,70,1,0,246,0,0,0,0,1,1,0,0,0,0,0,0,246,0,0,0,0,0,0,0,-1,-1,System.Byte[]
2252220,,0,5222,2,0,180,0.65,0.65,180,100,40633,11010,0,0,70,70,1,0,246,0,0,0,0,1,1,0,0,0,0,0,0,246,0,0,0,0,0,0,0,-1,-1,System.Byte[]
2252230,,0,5223,2,0,180,0.65,0.65,180,100,40633,11010,0,0,70,70,1,0,246,0,0,0,0,1,1,0,0,0,0,0,0,246,0,0,0,0,0,0,0,-1,-1,System.Byte[]
2252250,,0,5225,2,0,180,0.65,0.65,180,100,40633,11010,0,0,70,70,1,0,246,0,0,0,0,1,1,0,0,0,0,0,0,246,0,0,0,0,0,0,0,-1,-1,System.Byte[]
2252260,,0,5226,2,0,180,0.65,0.65,180,100,40633,11010,0,0,70,70,1,0,246,0,0,0,0,1,1,0,0,0,0,0,0,246,0,0,0,0,0,0,0,-1,-1,System.Byte[]
2252270,,0,5227,2,0,180,0.65,0.65,180,100,40633,11010,0,0,70,70,1,0,246,0,0,0,0,1,1,0,0,0,0,0,0,246,0,0,0,0,0,0,0,-1,-1,System.Byte[]
2260000,,0,6000,2,0,180,0.65,0.65,180,100,40633,11010,0,0,70,70,1,0,246,0,0,0,0,1,1,0,0,0,0,0,0,246,0,0,0,0,0,0,0,-1,-1,System.Byte[]
2260200,,0,6020,2,0,180,0.65,0.65,180,100,40633,11010,0,0,70,70,1,0,246,0,0,0,0,1,1,0,0,0,0,0,0,246,0,0,0,0,0,0,0,-1,-1,System.Byte[]
2260700,,0,6070,2,0,180,0.65,0.65,180,100,40633,11010,0,0,70,70,1,0,246,0,0,0,0,1,1,0,0,0,0,0,0,246,0,0,0,0,0,0,0,-1,-1,System.Byte[]
2261000,,0,6100,2,0,180,0.65,0.65,180,100,40633,11010,0,0,70,70,1,0,246,0,0,0,0,1,1,0,0,0,0,0,0,246,0,0,0,0,0,0,0,-1,-1,System.Byte[]
2262300,,0,6230,2,0,180,0.65,0.65,180,100,40633,11010,0,0,70,70,1,0,246,0,0,0,0,1,1,0,0,0,0,0,0,246,0,0,0,0,0,0,0,-1,-1,System.Byte[]
2262600,,0,6260,2,0,180,0.65,0.65,180,100,40633,11010,0,0,70,70,1,0,246,0,0,0,0,1,1,0,0,0,0,0,0,246,0,0,0,0,0,0,0,-1,-1,System.Byte[]
3000100,,0,0,2,0,180,0.4,0.55,180,100,40633,70010,0,0,70,70,1,0,230,0,11,0,0,0,1,0,0,0,0,0,0,246,0,0,0,0,0,0,0,-1,-1,System.Byte[]
3000101,,0,0,2,90,180,0.5,0.65,60,100,40633,70010,0,0,70,70,1,0,231,0,11,0,0,0,1,0,0,0,0,0,0,246,0,0,0,0,0,0,0,-1,-1,System.Byte[]
3210400,,0,1040,2,0,180,0.65,0.65,180,100,40633,2510,0,0,70,70,1,0,246,0,11,0,0,1,1,0,0,0,0,0,0,246,0,0,0,0,0,0,0,-1,-1,System.Byte[]
3210701,,0,1070,2,0,180,0.65,0.65,180,100,40633,11010,0,0,70,70,1,0,246,0,11,0,0,1,1,0,0,0,0,0,0,246,0,0,0,0,0,0,0,-1,-1,System.Byte[]
3210710,,0,1071,2,0,180,0.65,0.65,180,100,40633,11010,0,0,70,70,1,0,246,0,11,0,0,1,1,0,0,0,0,0,0,246,0,0,0,0,0,0,0,-1,-1,System.Byte[]
3211000,,0,1100,2,0,180,0.65,0.65,180,100,40633,11010,0,0,70,70,1,0,246,0,11,0,0,1,1,0,0,0,0,0,0,246,0,0,0,0,0,0,0,-1,-1,System.Byte[]
3211010,,0,1101,2,0,180,0.65,0.65,180,100,40633,11010,0,0,70,70,1,0,246,0,11,0,0,1,1,0,0,0,0,0,0,246,0,0,0,0,0,0,0,-1,-1,System.Byte[]
3211020,,0,1102,2,0,180,0.65,0.65,180,100,40633,11010,0,0,70,70,1,0,246,0,11,0,0,1,1,0,0,0,0,0,0,246,0,0,0,0,0,0,0,-1,-1,System.Byte[]
3211050,,0,1105,2,0,180,0.65,0.65,180,100,40633,11010,0,0,70,70,1,0,246,0,11,0,0,1,1,0,0,0,0,0,0,246,0,0,0,0,0,0,0,-1,-1,System.Byte[]
3211060,,0,1106,2,0,180,0.65,0.65,180,100,40633,11010,0,0,70,70,1,0,246,0,11,0,0,1,1,0,0,0,0,0,0,246,0,0,0,0,0,0,0,-1,-1,System.Byte[]
3211100,,0,1110,2,0,180,0.65,0.65,180,100,40633,11010,0,0,70,70,1,0,246,0,11,0,0,1,1,0,0,0,0,0,0,246,0,0,0,0,0,0,0,-1,-1,System.Byte[]
3211200,,0,1120,2,0,180,0.65,0.65,180,100,40633,11010,0,0,70,70,1,0,246,0,11,0,0,1,1,0,0,0,0,0,0,246,0,0,0,0,0,0,0,-1,-1,System.Byte[]
3211500,,0,1150,2,0,180,0.65,0.65,180,100,40633,11010,0,0,70,70,1,0,246,0,11,0,0,1,1,0,0,0,0,0,0,246,0,0,0,0,0,0,0,-1,-1,System.Byte[]
3211700,,0,1170,2,0,180,0.65,0.65,180,100,40633,11010,0,0,70,70,1,0,246,0,11,0,0,1,1,0,0,0,0,0,0,246,0,0,0,0,0,0,0,-1,-1,System.Byte[]
3211800,,0,1180,2,0,180,0.65,0.65,180,100,40633,11010,0,0,70,70,1,0,246,0,11,0,0,1,1,0,0,0,0,0,0,246,0,0,0,0,0,0,0,-1,-1,System.Byte[]
3211900,,0,1190,2,0,180,0.65,0.65,180,100,40633,11010,0,0,70,70,1,0,246,0,11,0,0,1,1,0,0,0,0,0,0,246,0,0,0,0,0,0,0,-1,-1,System.Byte[]
3212000,,0,1200,2,0,180,0.65,0.65,180,100,40633,11010,0,0,70,70,1,0,246,0,11,0,0,1,1,0,0,0,0,0,0,246,0,0,0,0,0,0,0,-1,-1,System.Byte[]
3212010,,0,1201,2,0,180,0.65,0.65,180,100,40633,11010,0,0,70,70,1,0,246,0,11,0,0,1,1,0,0,0,0,0,0,246,0,0,0,0,0,0,0,-1,-1,System.Byte[]
3212300,,0,1230,2,0,180,0.65,0.65,180,100,40633,11010,0,0,70,70,1,0,246,0,11,0,0,1,1,0,0,0,0,0,0,246,0,0,0,0,0,0,0,-1,-1,System.Byte[]
3212400,,0,1240,2,0,180,0.65,0.65,180,100,40633,11010,0,0,70,70,1,0,246,0,11,0,0,1,1,0,0,0,0,0,0,246,0,0,0,0,0,0,0,-1,-1,System.Byte[]
3212410,,0,1241,2,0,180,0.65,0.65,180,100,40633,11010,0,0,70,70,1,0,246,0,11,0,0,1,1,0,0,0,0,0,0,246,0,0,0,0,0,0,0,-1,-1,System.Byte[]
3212500,,0,1250,2,0,180,0.65,0.65,180,100,40633,11010,0,0,70,70,1,0,246,0,11,0,0,1,1,0,0,0,0,0,0,246,0,0,0,0,0,0,0,-1,-1,System.Byte[]
3212600,,0,1260,2,0,180,0.65,0.65,180,100,40633,11010,0,0,70,70,1,0,246,0,11,0,0,1,1,0,0,0,0,0,0,246,0,0,0,0,0,0,0,-1,-1,System.Byte[]
3212800,,0,1280,2,0,180,0.65,0.65,180,100,40633,11010,0,0,70,70,1,0,246,0,11,0,0,1,1,0,0,0,0,0,0,246,0,0,0,0,0,0,0,-1,-1,System.Byte[]
3212810,,0,1281,2,0,180,0.65,0.65,180,100,40633,11010,0,0,70,70,1,0,246,0,11,0,0,1,1,0,0,0,0,0,0,246,0,0,0,0,0,0,0,-1,-1,System.Byte[]
3212820,,0,1282,2,0,180,0.65,0.65,180,100,40633,11010,0,0,70,70,1,0,246,0,11,0,0,1,1,0,0,0,0,0,0,246,0,0,0,0,0,0,0,-1,-1,System.Byte[]
3212830,,0,1283,2,0,180,0.65,0.65,180,100,40633,11010,0,0,70,70,1,0,246,0,11,0,0,1,1,0,0,0,0,0,0,246,0,0,0,0,0,0,0,-1,-1,System.Byte[]
3212900,,0,1290,2,0,180,0.65,0.65,180,100,40633,11010,0,0,70,70,1,0,246,0,11,0,0,1,1,0,0,0,0,0,0,231,0,0,0,0,0,0,0,-1,-1,System.Byte[]
3213000,,0,1300,2,0,180,0.65,0.65,180,100,40633,11010,0,0,70,70,1,0,246,0,11,0,0,1,1,0,0,0,0,0,0,246,0,0,0,0,0,0,0,-1,-1,System.Byte[]
3213100,,0,1310,2.2,0,180,0.65,0.65,180,100,40633,11010,0,0,70,60,1,0,246,0,11,0,0,1,1,0,0,0,0,0,0,246,0,0,0,0,0,0,0,-1,-1,System.Byte[]
3213200,,0,1320,2.5,0,180,0.65,0.65,180,100,40633,11010,0,0,70,40,1,0,246,0,11,0,0,1,1,0,0,0,0,0,0,246,0,0,0,0,0,0,0,-1,-1,System.Byte[]
3213210,,0,1321,2.5,0,180,0.65,0.65,180,100,40633,11010,0,0,70,40,1,0,246,0,11,0,0,1,1,0,0,0,0,0,0,246,0,0,0,0,0,0,0,-1,-1,System.Byte[]
3213400,,0,1340,2,0,180,0.65,0.65,180,100,40633,11010,0,0,70,70,1,0,246,0,11,0,0,1,1,0,0,0,0,0,0,246,0,0,0,0,0,0,0,-1,-1,System.Byte[]
3213600,,0,1360,2,0,180,0.65,0.65,180,100,40633,11010,0,0,70,70,1,0,246,0,11,0,0,1,1,0,0,0,0,0,0,246,0,0,0,0,0,0,0,-1,-1,System.Byte[]
3213900,,0,1390,2,0,180,0.65,0.65,180,100,40633,11010,0,0,40,40,1,0,246,0,11,0,0,1,1,0,0,0,0,0,0,280,0,0,0,0,0,0,0,-1,-1,System.Byte[]
3213910,,0,1391,2,0,180,0.65,0.65,180,100,40633,11010,0,0,70,70,1,0,246,0,11,0,0,1,1,0,0,0,0,0,0,246,0,0,0,0,0,0,0,-1,-1,System.Byte[]
3214100,,0,1410,2,0,180,0.65,0.65,180,100,40633,11010,0,0,70,70,1,0,246,0,11,0,0,1,1,0,0,0,0,0,0,246,0,0,0,0,0,0,0,-1,-1,System.Byte[]
3214300,,0,1430,2,0,180,0.65,0.65,180,100,40633,11010,0,0,70,70,1,0,246,0,11,0,0,1,1,0,0,0,0,0,0,246,0,0,0,0,0,0,0,-1,-1,System.Byte[]
3214400,,0,1440,2,0,180,0.65,0.65,180,100,40633,11010,0,0,70,70,1,0,246,0,11,0,0,1,1,0,0,0,0,0,0,246,0,0,0,0,0,0,0,-1,-1,System.Byte[]
3214410,,0,1441,2,0,180,0.65,0.65,180,100,40633,11010,0,0,70,70,1,0,246,0,11,0,0,1,1,0,0,0,0,0,0,246,0,0,0,0,0,0,0,-1,-1,System.Byte[]
3214420,,0,1442,2,0,180,0.65,0.65,180,100,40633,11010,0,0,70,70,1,0,246,0,11,0,0,1,1,0,0,0,0,0,0,246,0,0,0,0,0,0,0,-1,-1,System.Byte[]
3214450,,0,1445,2,0,180,0.65,0.65,180,100,40633,11010,0,0,70,70,1,0,246,0,11,0,0,1,1,0,0,0,0,0,0,246,0,0,0,0,0,0,0,-1,-1,System.Byte[]
3214460,,0,1446,2,0,180,0.65,0.65,180,100,40633,11010,0,0,70,70,1,0,246,0,11,0,0,1,1,0,0,0,0,0,0,246,0,0,0,0,0,0,0,-1,-1,System.Byte[]
3220300,,0,2030,2,0,180,0.65,0.65,180,100,40633,11010,0,0,70,70,1,0,246,0,11,0,0,1,1,0,0,0,0,0,0,246,0,0,0,0,0,0,0,-1,-1,System.Byte[]
3221600,,0,2160,2,0,180,0.65,0.65,180,100,40633,11010,0,0,70,70,1,0,246,0,11,0,0,1,1,0,0,0,0,0,0,246,0,0,0,0,0,0,0,-1,-1,System.Byte[]
3222100,,0,2210,2,0,180,0.65,0.65,180,100,40633,11010,0,0,70,70,1,0,246,0,11,0,0,1,1,0,0,0,0,0,0,246,0,0,0,0,0,0,0,-1,-1,System.Byte[]
3230400,,0,3040,2,0,180,0.65,0.65,180,100,40633,11010,0,0,70,70,1,0,246,0,11,0,0,1,1,0,0,0,0,0,0,246,0,0,0,0,0,0,0,-1,-1,System.Byte[]
3230700,,0,3070,2,0,180,0.65,0.65,180,100,40633,11010,0,0,70,70,1,0,246,0,11,0,0,1,1,0,0,0,0,0,0,246,0,0,0,0,0,0,0,-1,-1,System.Byte[]
3231700,,0,3170,2,0,180,0.65,0.65,180,100,40633,11010,0,0,70,70,1,0,246,0,11,0,0,1,1,0,0,0,0,0,0,246,0,0,0,0,0,0,0,-1,-1,System.Byte[]
3252200,,0,5220,2,0,180,0.65,0.65,180,100,40633,11010,0,0,70,70,1,0,246,0,11,0,0,1,1,0,0,0,0,0,0,246,0,0,0,0,0,0,0,-1,-1,System.Byte[]
3252210,,0,5221,2,0,180,0.65,0.65,180,100,40633,11010,0,0,70,70,1,0,246,0,11,0,0,1,1,0,0,0,0,0,0,246,0,0,0,0,0,0,0,-1,-1,System.Byte[]
3252220,,0,5222,2,0,180,0.65,0.65,180,100,40633,11010,0,0,70,70,1,0,246,0,11,0,0,1,1,0,0,0,0,0,0,246,0,0,0,0,0,0,0,-1,-1,System.Byte[]
3252230,,0,5223,2,0,180,0.65,0.65,180,100,40633,11010,0,0,70,70,1,0,246,0,11,0,0,1,1,0,0,0,0,0,0,246,0,0,0,0,0,0,0,-1,-1,System.Byte[]
3252250,,0,5225,2,0,180,0.65,0.65,180,100,40633,11010,0,0,70,70,1,0,246,0,11,0,0,1,1,0,0,0,0,0,0,246,0,0,0,0,0,0,0,-1,-1,System.Byte[]
3252260,,0,5226,2,0,180,0.65,0.65,180,100,40633,11010,0,0,70,70,1,0,246,0,11,0,0,1,1,0,0,0,0,0,0,246,0,0,0,0,0,0,0,-1,-1,System.Byte[]
3252270,,0,5227,2,0,180,0.65,0.65,180,100,40633,11010,0,0,70,70,1,0,246,0,11,0,0,1,1,0,0,0,0,0,0,246,0,0,0,0,0,0,0,-1,-1,System.Byte[]
3260000,,0,6000,2,0,180,0.65,0.65,180,100,40633,11010,0,0,70,70,1,0,246,0,11,0,0,1,1,0,0,0,0,0,0,246,0,0,0,0,0,0,0,-1,-1,System.Byte[]
3260200,,0,6020,2,0,180,0.65,0.65,180,100,40633,11010,0,0,70,70,1,0,246,0,11,0,0,1,1,0,0,0,0,0,0,246,0,0,0,0,0,0,0,-1,-1,System.Byte[]
3260700,,0,6070,2,0,180,0.65,0.65,180,100,40633,11010,0,0,70,70,1,0,246,0,11,0,0,1,1,0,0,0,0,0,0,246,0,0,0,0,0,0,0,-1,-1,System.Byte[]
3261000,,0,6100,2,0,180,0.65,0.65,180,100,40633,11010,0,0,70,70,1,0,246,0,11,0,0,1,1,0,0,0,0,0,0,246,0,0,0,0,0,0,0,-1,-1,System.Byte[]
3262300,,0,6230,2,0,180,0.65,0.65,180,100,40633,11010,0,0,70,70,1,0,246,0,11,0,0,1,1,0,0,0,0,0,0,246,0,0,0,0,0,0,0,-1,-1,System.Byte[]
3262600,,0,6260,2,0,180,0.65,0.65,180,100,40633,11010,0,0,70,70,1,0,246,0,11,0,0,1,1,0,0,0,0,0,0,246,0,0,0,0,0,0,0,-1,-1,System.Byte[]
9999900,,0,0,0,0,0,0,0,0,0,0,0,0,0,0,0,0,0,0,0,0,0,0,0,0,0,0,0,0,0,0,0,0,0,0,0,0,0,0,0,0,System.Byte[]
9999910,,0,0,0,0,0,0,0,0,0,0,0,0,0,0,0,0,0,0,0,0,0,0,0,0,0,0,0,0,0,0,0,0,0,0,0,0,0,0,0,0,System.Byte[]
